patch,champion_name,champion_name_kr,role,pick_count,pick_rate_pct,win_rate_pct,avg_kda,avg_gpm,avg_vision,sample_flag
15.1,Lulu,룰루,SUPPORT,213,2.232,52.11,5.308,283.1,59.73,
15.1,Jinx,징크스,BOT,204,2.138,49.51,3.156,428.4,14.21,
15.1,Caitlyn,케이틀린,BOT,176,1.844,49.43,2.951,430.5,16.19,
15.1,Viego,비에고,JUNGLE,171,1.792,49.12,3.797,417.3,20.51,
15.1,MissFortune,미스 포츈,BOT,157,1.645,50.32,2.848,432.2,16.94,
15.1,Jhin,진,BOT,153,1.603,56.21,4.185,442.3,15.38,
15.1,Ezreal,이즈리얼,BOT,148,1.551,51.35,3.56,408.4,14.84,
15.1,Viktor,빅토르,MID,145,1.519,51.72,3.275,406.8,15.73,
15.1,Nami,나미,SUPPORT,142,1.488,47.89,4.834,277.6,58.48,
15.1,MonkeyKing,오공,JUNGLE,139,1.457,53.24,4.789,415.5,20.13,
15.1,Janna,잔나,SUPPORT,119,1.247,45.38,4.896,283.6,66.15,
15.1,Twitch,트위치,BOT,110,1.153,39.09,2.679,432.0,14.82,
15.1,Katarina,카타리나,MID,106,1.111,47.17,3.206,427.6,13.76,
15.1,Syndra,신드라,MID,104,1.09,44.23,3.112,421.7,17.5,
15.1,Hecarim,헤카림,JUNGLE,96,1.006,45.83,4.013,435.9,17.84,
15.1,Thresh,쓰레쉬,SUPPORT,93,0.975,41.94,3.871,284.4,57.9,
15.1,Vladimir,블라디미르,MID,88,0.922,44.32,3.72,405.5,14.01,
15.1,Riven,리븐,TOP,87,0.912,49.43,2.957,428.4,14.8,
15.1,Vayne,베인,BOT,87,0.912,56.32,3.739,430.2,14.84,
15.1,Corki,코르키,BOT,86,0.901,48.84,3.362,416.1,15.4,
15.1,Karma,카르마,SUPPORT,86,0.901,48.84,3.494,292.9,63.88,
15.1,JarvanIV,자르반 4세,JUNGLE,85,0.891,49.41,4.394,399.0,21.59,
15.1,Sylas,사일러스,MID,84,0.88,57.14,3.302,395.7,16.11,
15.1,Darius,다리우스,TOP,83,0.87,46.99,2.462,417.9,16.33,
15.1,Milio,밀리오,SUPPORT,82,0.859,59.76,6.439,276.0,56.23,
15.1,Draven,드레이븐,BOT,79,0.828,53.16,2.858,483.9,13.35,
15.1,LeeSin,리 신,JUNGLE,77,0.807,55.84,5.241,422.4,23.43,
15.1,Nocturne,녹턴,JUNGLE,75,0.786,52.0,4.037,422.8,21.16,
15.1,Mordekaiser,모데카이저,TOP,73,0.765,36.99,1.861,373.8,13.88,
15.1,Braum,브라움,SUPPORT,71,0.744,57.75,5.124,286.0,53.83,
15.1,Chogath,초가스,TOP,71,0.744,33.8,2.473,386.4,15.54,
15.1,Ahri,아리,MID,70,0.734,41.43,3.87,388.6,19.21,
15.1,Kaisa,카이사,BOT,70,0.734,57.14,3.22,441.3,16.29,
15.1,Amumu,아무무,JUNGLE,68,0.713,42.65,2.976,379.9,18.88,
15.1,Kayn,케인,JUNGLE,68,0.713,48.53,3.935,413.9,20.9,
15.1,Lux,럭스,MID,68,0.713,52.94,4.561,394.2,16.94,
15.1,Leona,레오나,SUPPORT,65,0.681,49.23,3.447,284.0,62.14,
15.1,Rell,렐,SUPPORT,65,0.681,50.77,4.11,293.9,65.32,
15.1,Diana,다이애나,JUNGLE,63,0.66,46.03,3.416,448.7,20.4,
15.1,Nautilus,노틸러스,SUPPORT,63,0.66,50.79,3.382,279.5,58.33,
15.1,Ashe,애쉬,BOT,60,0.629,56.67,3.289,406.6,18.05,
15.1,Lucian,루시안,BOT,58,0.608,55.17,3.093,424.9,15.59,
15.1,Malzahar,말자하,MID,58,0.608,55.17,3.578,423.3,20.02,
15.1,Samira,사미라,BOT,58,0.608,44.83,3.201,462.9,13.97,
15.1,Garen,가렌,TOP,57,0.597,54.39,2.619,433.6,17.07,
15.1,Ambessa,암베사,TOP,55,0.576,47.27,2.65,409.7,13.36,
15.1,Sett,세트,TOP,55,0.576,52.73,2.843,416.4,15.13,
15.1,Vi,바이,JUNGLE,55,0.576,52.73,3.748,394.5,18.04,
15.1,Lissandra,리산드라,MID,54,0.566,42.59,2.94,391.6,18.5,
15.1,Malphite,말파이트,TOP,54,0.566,48.15,4.934,372.5,16.07,
15.1,Aatrox,아트록스,TOP,53,0.555,41.51,2.294,380.5,16.13,
15.1,KSante,크산테,TOP,53,0.555,47.17,3.037,380.7,15.23,
15.1,Skarner,스카너,JUNGLE,53,0.555,54.72,4.798,360.6,18.42,
15.1,Yuumi,유미,SUPPORT,52,0.545,36.54,5.43,273.7,38.63,
15.1,Aurora,오로라,MID,51,0.534,47.06,3.176,398.0,17.06,
15.1,Pyke,파이크,SUPPORT,51,0.534,33.33,2.111,314.9,76.57,
15.1,Yone,요네,MID,51,0.534,45.1,2.785,414.6,15.94,
15.1,Senna,세나,SUPPORT,50,0.524,58.0,4.111,319.1,57.04,
15.1,Soraka,소라카,SUPPORT,50,0.524,42.0,3.613,260.8,59.6,
15.1,Yone,요네,TOP,50,0.524,46.0,1.882,405.3,14.08,
15.1,Gragas,그라가스,TOP,49,0.513,53.06,2.935,384.5,13.94,
15.1,Irelia,이렐리아,TOP,49,0.513,53.06,1.641,440.5,16.78,
15.1,Lux,럭스,SUPPORT,49,0.513,40.82,2.996,321.5,55.18,
15.1,Orianna,오리아나,MID,49,0.513,51.02,4.418,409.0,17.29,
15.1,Rengar,렝가,JUNGLE,49,0.513,44.9,3.57,441.8,19.43,
15.1,Hwei,흐웨이,MID,48,0.503,47.92,3.316,406.0,15.29,
15.1,Jax,잭스,TOP,48,0.503,52.08,1.92,408.6,13.6,
15.1,Blitzcrank,블리츠크랭크,SUPPORT,47,0.493,51.06,3.178,275.8,63.62,
15.1,Varus,바루스,BOT,47,0.493,48.94,3.022,423.4,17.17,
15.1,Xerath,제라스,MID,46,0.482,41.3,3.941,400.5,13.89,
15.1,Yasuo,야스오,MID,46,0.482,47.83,2.058,418.9,14.67,
15.1,Cassiopeia,카시오페아,MID,45,0.472,57.78,3.815,408.9,19.09,
15.1,Sivir,시비르,BOT,45,0.472,48.89,3.102,430.5,16.82,
15.1,Vladimir,블라디미르,TOP,45,0.472,53.33,3.271,400.1,14.82,
15.1,Urgot,우르곳,TOP,44,0.461,47.73,1.955,424.6,18.77,
15.1,Volibear,볼리베어,TOP,44,0.461,52.27,1.814,405.0,16.05,
15.1,Zac,자크,JUNGLE,44,0.461,50.0,4.824,382.2,19.32,
15.1,Khazix,카직스,JUNGLE,43,0.451,46.51,3.408,431.7,20.05,
15.1,Galio,갈리오,MID,42,0.44,57.14,4.331,371.8,14.57,
15.1,Gnar,나르,TOP,42,0.44,45.24,2.791,411.8,18.5,
15.1,TahmKench,탐 켄치,SUPPORT,42,0.44,54.76,3.164,318.1,54.0,
15.1,Veigar,베이가,MID,42,0.44,57.14,3.458,449.7,16.12,
15.1,Gwen,그웬,TOP,41,0.43,46.34,1.566,421.8,13.85,
15.1,Karthus,카서스,JUNGLE,41,0.43,36.59,3.038,457.5,15.85,
15.1,MasterYi,마스터 이,JUNGLE,41,0.43,51.22,2.574,428.0,20.66,
15.1,Kassadin,카사딘,MID,40,0.419,47.5,3.438,414.9,13.93,
15.1,Xayah,자야,BOT,40,0.419,30.0,3.268,430.6,15.68,
15.1,Aphelios,아펠리오스,BOT,39,0.409,53.85,2.705,429.4,14.13,
15.1,Kayle,케일,TOP,39,0.409,41.03,2.141,401.4,16.1,
15.1,Akali,아칼리,MID,38,0.398,44.74,3.703,399.9,16.61,
15.1,Illaoi,일라오이,TOP,38,0.398,60.53,1.856,420.7,15.5,
15.1,Shen,쉔,TOP,38,0.398,47.37,3.488,350.0,14.74,
15.1,Nunu,누누와 윌럼프,JUNGLE,37,0.388,64.86,4.37,389.9,17.95,
15.1,Sion,사이온,TOP,37,0.388,40.54,1.957,414.0,13.89,
15.1,TahmKench,탐 켄치,TOP,37,0.388,51.35,3.276,388.8,16.92,
15.1,Shaco,샤코,JUNGLE,36,0.377,55.56,5.157,424.0,25.53,
15.1,XinZhao,신 짜오,JUNGLE,36,0.377,30.56,2.374,385.7,17.5,
15.1,Zilean,질리언,SUPPORT,36,0.377,52.78,5.483,282.6,60.0,
15.1,Velkoz,벨코즈,SUPPORT,35,0.367,48.57,2.462,314.3,59.31,
15.1,Graves,그레이브즈,JUNGLE,34,0.356,50.0,3.791,448.7,25.44,
15.1,Renekton,레넥톤,TOP,34,0.356,41.18,2.616,410.1,18.65,
15.1,Alistar,알리스타,SUPPORT,33,0.346,36.36,2.59,277.6,49.76,
15.1,Maokai,마오카이,TOP,33,0.346,54.55,4.701,358.2,17.18,
15.1,Talon,탈론,JUNGLE,33,0.346,63.64,3.666,459.4,20.21,
15.1,Zed,제드,MID,33,0.346,51.52,3.466,434.6,17.12,
15.1,Kalista,칼리스타,BOT,32,0.335,34.38,2.66,411.9,16.84,
15.1,Maokai,마오카이,SUPPORT,32,0.335,71.88,4.537,301.5,53.5,
15.1,Ornn,오른,TOP,32,0.335,50.0,2.532,355.1,12.66,
15.1,Sona,소나,SUPPORT,32,0.335,43.75,4.032,281.9,59.81,
15.1,Zyra,자이라,SUPPORT,32,0.335,37.5,3.263,306.1,61.38,
15.1,Akshan,아크샨,MID,31,0.325,38.71,3.456,450.0,16.1,
15.1,Elise,엘리스,JUNGLE,31,0.325,41.94,3.677,392.4,21.19,
15.1,Jayce,제이스,TOP,31,0.325,38.71,1.737,376.9,16.61,
15.1,Leblanc,르블랑,MID,31,0.325,61.29,4.771,406.7,17.0,
15.1,Seraphine,세라핀,SUPPORT,31,0.325,45.16,3.177,294.5,61.97,
15.1,Camille,카밀,TOP,30,0.314,46.67,2.414,406.0,14.3,
15.1,Fiora,피오라,TOP,30,0.314,66.67,3.358,417.4,15.33,
15.1,Smolder,스몰더,BOT,30,0.314,50.0,3.495,414.3,14.5,
15.1,Xerath,제라스,SUPPORT,30,0.314,63.33,4.14,324.0,50.17,
15.1,Kindred,킨드레드,JUNGLE,29,0.304,51.72,3.616,440.1,20.1,LOW_N
15.1,Rakan,라칸,SUPPORT,29,0.304,44.83,3.673,272.2,60.79,LOW_N
15.1,AurelionSol,아우렐리온 솔,MID,28,0.293,39.29,3.372,407.2,14.39,LOW_N
15.1,DrMundo,문도 박사,TOP,28,0.293,50.0,2.265,395.6,12.25,LOW_N
15.1,Elise,엘리스,SUPPORT,28,0.293,53.57,3.331,349.1,69.39,LOW_N
15.1,Diana,다이애나,MID,27,0.283,48.15,2.589,420.1,20.44,LOW_N
15.1,Kayle,케일,MID,27,0.283,51.85,2.938,438.7,12.67,LOW_N
15.1,Morgana,모르가나,SUPPORT,27,0.283,40.74,3.714,301.3,63.04,LOW_N
15.1,Qiyana,키아나,MID,27,0.283,51.85,2.82,415.5,15.22,LOW_N
15.1,Yorick,요릭,TOP,27,0.283,51.85,1.847,425.3,15.37,LOW_N
15.1,Bard,바드,SUPPORT,26,0.272,38.46,3.423,286.3,60.85,LOW_N
15.1,Belveth,벨베스,JUNGLE,26,0.272,53.85,3.087,421.6,19.88,LOW_N
15.1,Irelia,이렐리아,MID,26,0.272,38.46,1.619,447.7,15.15,LOW_N
15.1,Poppy,뽀삐,SUPPORT,26,0.272,46.15,2.45,315.3,65.23,LOW_N
15.1,Warwick,워윅,JUNGLE,26,0.272,73.08,4.027,438.3,21.65,LOW_N
15.1,Anivia,애니비아,MID,25,0.262,48.0,4.115,377.5,14.64,LOW_N
15.1,Evelynn,이블린,JUNGLE,25,0.262,44.0,5.186,400.8,16.08,LOW_N
15.1,Nasus,나서스,TOP,25,0.262,48.0,2.324,371.6,12.32,LOW_N
15.1,Zoe,조이,MID,25,0.262,52.0,3.612,380.2,18.92,LOW_N
15.1,Ekko,에코,JUNGLE,24,0.251,45.83,3.208,428.3,22.38,LOW_N
15.1,Kennen,케넨,TOP,24,0.251,50.0,2.678,379.6,17.38,LOW_N
15.1,Lillia,릴리아,JUNGLE,24,0.251,41.67,2.704,396.1,19.08,LOW_N
15.1,Tristana,트리스타나,BOT,24,0.251,41.67,3.051,446.9,15.63,LOW_N
15.1,FiddleSticks,FiddleSticks,JUNGLE,23,0.241,47.83,2.845,387.0,50.96,LOW_N
15.1,Sejuani,세주아니,JUNGLE,23,0.241,52.17,7.647,375.4,22.3,LOW_N
15.1,Singed,신지드,TOP,23,0.241,52.17,2.925,422.7,14.96,LOW_N
15.1,Trundle,트런들,TOP,23,0.241,47.83,2.512,466.0,15.35,LOW_N
15.1,Zeri,제리,BOT,23,0.241,34.78,2.334,434.6,15.3,LOW_N
15.1,Udyr,우디르,JUNGLE,22,0.231,40.91,3.901,398.8,21.95,LOW_N
15.1,Veigar,베이가,BOT,22,0.231,68.18,3.805,446.1,18.64,LOW_N
15.1,Volibear,볼리베어,JUNGLE,22,0.231,45.45,3.614,393.9,19.64,LOW_N
15.1,Briar,브라이어,JUNGLE,21,0.22,47.62,2.767,435.0,20.33,LOW_N
15.1,Gangplank,갱플랭크,TOP,21,0.22,28.57,3.041,431.9,17.1,LOW_N
15.1,Swain,스웨인,MID,21,0.22,80.95,4.878,405.7,14.19,LOW_N
15.1,Teemo,티모,TOP,21,0.22,52.38,2.145,368.6,15.9,LOW_N
15.1,Warwick,워윅,TOP,21,0.22,47.62,2.392,388.7,13.38,LOW_N
15.1,Aurora,오로라,TOP,20,0.21,35.0,2.148,381.5,16.35,LOW_N
15.1,Velkoz,벨코즈,MID,20,0.21,55.0,2.876,386.1,19.05,LOW_N
15.1,Yasuo,야스오,TOP,20,0.21,60.0,1.581,402.6,15.8,LOW_N
15.1,KogMaw,코그모,BOT,19,0.199,47.37,3.277,428.3,16.95,LOW_N
15.1,Nidalee,니달리,JUNGLE,19,0.199,36.84,2.708,395.7,22.21,LOW_N
15.1,Nilah,닐라,BOT,19,0.199,63.16,2.966,444.2,17.89,LOW_N
15.1,Pantheon,판테온,TOP,19,0.199,26.32,2.725,375.8,13.37,LOW_N
15.1,RekSai,렉사이,JUNGLE,19,0.199,47.37,5.326,413.2,19.68,LOW_N
15.1,Viktor,빅토르,BOT,19,0.199,36.84,3.384,395.0,15.84,LOW_N
15.1,Tryndamere,트린다미어,TOP,18,0.189,61.11,2.438,468.5,13.56,LOW_N
15.1,Vex,벡스,MID,18,0.189,50.0,4.101,399.5,22.72,LOW_N
15.1,Lux,럭스,BOT,17,0.178,58.82,5.481,410.6,18.12,LOW_N
15.1,Renata,레나타 글라스크,SUPPORT,17,0.178,47.06,3.262,283.1,58.47,LOW_N
15.1,Ryze,라이즈,MID,17,0.178,47.06,3.392,415.1,15.0,LOW_N
15.1,TwistedFate,트위스티드 페이트,MID,17,0.178,52.94,3.809,419.3,18.35,LOW_N
15.1,Cassiopeia,카시오페아,TOP,16,0.168,56.25,1.65,381.9,16.44,LOW_N
15.1,Gwen,그웬,JUNGLE,16,0.168,62.5,3.929,435.3,20.06,LOW_N
15.1,Karthus,카서스,BOT,16,0.168,37.5,2.901,427.5,11.5,LOW_N
15.1,Brand,브랜드,SUPPORT,15,0.157,40.0,2.657,328.5,55.47,LOW_N
15.1,Fizz,피즈,MID,15,0.157,26.67,1.988,419.0,17.07,LOW_N
15.1,MonkeyKing,오공,TOP,15,0.157,73.33,4.028,425.9,18.0,LOW_N
15.1,Talon,탈론,MID,15,0.157,40.0,3.844,416.1,13.87,LOW_N
15.1,Ekko,에코,MID,14,0.147,28.57,1.87,393.3,14.0,LOW_N
15.1,Jayce,제이스,MID,14,0.147,50.0,2.93,422.3,20.86,LOW_N
15.1,Corki,코르키,MID,13,0.136,46.15,2.497,430.2,15.69,LOW_N
15.1,Hwei,흐웨이,BOT,13,0.136,46.15,3.089,414.9,16.54,LOW_N
15.1,Seraphine,세라핀,BOT,13,0.136,38.46,3.303,356.7,19.15,LOW_N
15.1,Zed,제드,JUNGLE,13,0.136,61.54,3.4,456.6,21.69,LOW_N
15.1,Zoe,조이,SUPPORT,13,0.136,46.15,3.449,323.5,56.31,LOW_N
15.1,Neeko,니코,SUPPORT,12,0.126,58.33,3.09,318.6,54.42,LOW_N
15.1,Shyvana,쉬바나,JUNGLE,12,0.126,66.67,3.71,430.0,18.75,LOW_N
15.1,Vayne,베인,TOP,12,0.126,75.0,3.182,410.9,14.67,LOW_N
15.1,Annie,애니,MID,11,0.115,27.27,2.292,355.5,14.0,LOW_N
15.1,Kled,클레드,TOP,11,0.115,45.45,3.786,398.0,15.45,LOW_N
15.1,Pantheon,판테온,SUPPORT,11,0.115,45.45,2.59,339.3,46.91,LOW_N
15.1,Taliyah,탈리야,MID,11,0.115,54.55,2.409,403.1,14.0,LOW_N
15.1,Taric,타릭,SUPPORT,11,0.115,45.45,5.439,298.6,43.36,LOW_N
15.1,Gragas,그라가스,JUNGLE,10,0.105,50.0,3.293,399.3,21.5,LOW_N
15.1,Ivern,아이번,JUNGLE,10,0.105,50.0,5.064,354.4,24.4,LOW_N
15.1,Olaf,올라프,TOP,10,0.105,60.0,3.434,478.1,17.0,LOW_N
15.1,Pantheon,판테온,JUNGLE,10,0.105,40.0,3.639,449.7,16.5,LOW_N
15.1,Quinn,퀸,TOP,10,0.105,60.0,2.498,404.7,21.7,LOW_N
15.1,Riven,리븐,MID,10,0.105,60.0,3.896,470.8,15.1,LOW_N
15.1,Swain,스웨인,BOT,10,0.105,50.0,8.405,389.8,13.5,LOW_N
15.1,Swain,스웨인,SUPPORT,10,0.105,50.0,3.72,324.8,62.9,LOW_N
15.1,Akali,아칼리,TOP,9,0.094,44.44,2.067,398.0,19.0,LOW_N
15.1,Ambessa,암베사,JUNGLE,9,0.094,55.56,3.834,433.8,19.89,LOW_N
15.1,Cassiopeia,카시오페아,BOT,9,0.094,33.33,2.763,387.0,20.67,LOW_N
15.1,Gwen,그웬,MID,9,0.094,55.56,1.376,489.0,12.44,LOW_N
15.1,Sylas,사일러스,SUPPORT,9,0.094,44.44,1.736,310.9,65.22,LOW_N
15.1,Zac,자크,TOP,9,0.094,66.67,5.504,386.5,14.0,LOW_N
15.1,Ziggs,직스,BOT,9,0.094,33.33,3.385,411.6,16.67,LOW_N
15.1,Malphite,말파이트,MID,8,0.084,37.5,2.132,366.5,14.13,LOW_N
15.1,Rammus,람머스,JUNGLE,8,0.084,50.0,5.529,372.0,22.25,LOW_N
15.1,Smolder,스몰더,MID,8,0.084,25.0,2.303,372.9,16.5,LOW_N
15.1,Akshan,아크샨,TOP,7,0.073,57.14,2.366,430.2,11.0,LOW_N
15.1,Azir,아지르,MID,7,0.073,28.57,1.44,365.6,14.43,LOW_N
15.1,Brand,브랜드,BOT,7,0.073,42.86,3.445,379.6,16.71,LOW_N
15.1,Galio,갈리오,SUPPORT,7,0.073,28.57,2.799,307.5,50.0,LOW_N
15.1,Heimerdinger,하이머딩거,TOP,7,0.073,57.14,1.657,384.9,23.57,LOW_N
15.1,Karma,카르마,MID,7,0.073,57.14,3.73,378.0,21.0,LOW_N
15.1,Poppy,뽀삐,TOP,7,0.073,57.14,2.885,371.8,20.14,LOW_N
15.1,Ryze,라이즈,TOP,7,0.073,71.43,2.527,444.5,19.43,LOW_N
15.1,Smolder,스몰더,TOP,7,0.073,57.14,1.821,405.4,15.57,LOW_N
15.1,Sylas,사일러스,TOP,7,0.073,28.57,2.079,381.6,16.86,LOW_N
15.1,Ziggs,직스,MID,7,0.073,42.86,2.295,392.1,12.86,LOW_N
15.1,Brand,브랜드,JUNGLE,6,0.063,33.33,3.601,378.7,21.83,LOW_N
15.1,Chogath,초가스,MID,6,0.063,50.0,2.689,412.9,15.67,LOW_N
15.1,FiddleSticks,FiddleSticks,SUPPORT,6,0.063,66.67,2.963,301.1,71.17,LOW_N
15.1,Garen,가렌,MID,6,0.063,50.0,3.354,460.6,16.83,LOW_N
15.1,Naafiri,나피리,MID,6,0.063,33.33,1.471,371.2,11.0,LOW_N
15.1,Rumble,럼블,TOP,6,0.063,50.0,3.153,381.4,17.33,LOW_N
15.1,Seraphine,세라핀,MID,6,0.063,66.67,5.764,371.1,10.5,LOW_N
15.1,Shaco,샤코,SUPPORT,6,0.063,50.0,5.958,335.1,56.33,LOW_N
15.1,Sylas,사일러스,JUNGLE,6,0.063,83.33,3.327,393.4,15.5,LOW_N
15.1,Yasuo,야스오,BOT,6,0.063,50.0,2.498,438.3,17.83,LOW_N
15.1,Camille,카밀,SUPPORT,5,0.052,40.0,1.638,351.1,64.8,LOW_N
15.1,Galio,갈리오,TOP,5,0.052,20.0,3.493,327.8,14.6,LOW_N
15.1,Kennen,케넨,MID,5,0.052,80.0,3.688,437.3,24.0,LOW_N
15.1,Malzahar,말자하,TOP,5,0.052,60.0,4.678,371.4,10.6,LOW_N
15.1,Skarner,스카너,TOP,5,0.052,60.0,8.61,376.7,20.6,LOW_N
15.1,Swain,스웨인,TOP,5,0.052,60.0,2.02,342.5,16.2,LOW_N
15.1,Syndra,신드라,BOT,5,0.052,80.0,2.499,425.9,18.0,LOW_N
15.1,Teemo,티모,JUNGLE,5,0.052,40.0,1.864,378.4,22.0,LOW_N
15.1,Udyr,우디르,TOP,5,0.052,80.0,1.932,389.4,14.2,LOW_N
15.1,Varus,바루스,TOP,5,0.052,20.0,2.251,423.1,11.0,LOW_N
15.1,Zyra,자이라,JUNGLE,5,0.052,20.0,2.067,384.4,27.4,LOW_N
15.1,Ambessa,암베사,MID,4,0.042,25.0,1.192,357.6,18.25,LOW_N
15.1,DrMundo,문도 박사,JUNGLE,4,0.042,75.0,3.588,421.0,18.75,LOW_N
15.1,Jhin,진,MID,4,0.042,50.0,5.477,436.1,21.25,LOW_N
15.1,Kayn,케인,TOP,4,0.042,50.0,2.53,450.1,17.0,LOW_N
15.1,Maokai,마오카이,JUNGLE,4,0.042,75.0,8.844,365.6,30.25,LOW_N
15.1,Neeko,니코,MID,4,0.042,25.0,1.929,352.8,18.25,LOW_N
15.1,Qiyana,키아나,JUNGLE,4,0.042,75.0,3.367,441.1,24.75,LOW_N
15.1,Shen,쉔,SUPPORT,4,0.042,25.0,1.479,274.7,54.5,LOW_N
15.1,Anivia,애니비아,TOP,3,0.031,66.67,3.963,389.4,21.0,LOW_N
15.1,Annie,애니,SUPPORT,3,0.031,0.0,1.576,314.0,42.0,LOW_N
15.1,Briar,브라이어,TOP,3,0.031,100.0,2.093,418.3,16.33,LOW_N
15.1,FiddleSticks,FiddleSticks,TOP,3,0.031,66.67,5.611,435.2,35.67,LOW_N
15.1,Gragas,그라가스,MID,3,0.031,33.33,3.833,384.3,16.67,LOW_N
15.1,KogMaw,코그모,MID,3,0.031,66.67,2.236,411.1,13.33,LOW_N
15.1,Lissandra,리산드라,TOP,3,0.031,33.33,2.411,386.8,15.33,LOW_N
15.1,Malphite,말파이트,SUPPORT,3,0.031,33.33,2.119,289.1,76.67,LOW_N
15.1,MonkeyKing,오공,MID,3,0.031,0.0,1.811,417.1,12.0,LOW_N
15.1,Morgana,모르가나,JUNGLE,3,0.031,66.67,4.111,386.0,18.67,LOW_N
15.1,Morgana,모르가나,MID,3,0.031,100.0,7.667,393.4,33.0,LOW_N
15.1,Naafiri,나피리,JUNGLE,3,0.031,33.33,3.069,383.0,22.33,LOW_N
15.1,Neeko,니코,TOP,3,0.031,0.0,0.383,343.4,14.67,LOW_N
15.1,Pantheon,판테온,MID,3,0.031,100.0,3.611,403.2,16.33,LOW_N
15.1,TahmKench,탐 켄치,MID,3,0.031,33.33,3.153,353.4,19.67,LOW_N
15.1,Teemo,티모,SUPPORT,3,0.031,100.0,1.997,302.0,94.33,LOW_N
15.1,Tryndamere,트린다미어,MID,3,0.031,66.67,2.339,502.0,10.33,LOW_N
15.1,XinZhao,신 짜오,TOP,3,0.031,66.67,2.183,438.2,19.67,LOW_N
15.1,Yorick,요릭,JUNGLE,3,0.031,66.67,4.222,443.4,25.67,LOW_N
15.1,Zac,자크,SUPPORT,3,0.031,0.0,1.578,263.6,45.67,LOW_N
15.1,Zed,제드,TOP,3,0.031,66.67,2.208,401.8,15.67,LOW_N
15.1,Zilean,질리언,MID,3,0.031,33.33,2.5,346.5,11.67,LOW_N
15.1,Aatrox,아트록스,JUNGLE,2,0.021,50.0,1.529,357.4,16.5,LOW_N
15.1,Anivia,애니비아,SUPPORT,2,0.021,0.0,1.983,315.7,65.0,LOW_N
15.1,Brand,브랜드,MID,2,0.021,50.0,3.05,427.2,24.0,LOW_N
15.1,Caitlyn,케이틀린,MID,2,0.021,100.0,2.286,467.8,17.5,LOW_N
15.1,Heimerdinger,하이머딩거,MID,2,0.021,50.0,2.944,435.7,15.0,LOW_N
15.1,Heimerdinger,하이머딩거,SUPPORT,2,0.021,0.0,0.536,240.8,33.5,LOW_N
15.1,Ivern,아이번,SUPPORT,2,0.021,50.0,1.583,245.9,48.0,LOW_N
15.1,Karma,카르마,TOP,2,0.021,50.0,4.0,352.7,16.5,LOW_N
15.1,Leblanc,르블랑,SUPPORT,2,0.021,0.0,1.247,353.8,39.0,LOW_N
15.1,LeeSin,리 신,SUPPORT,2,0.021,50.0,1.357,267.5,50.5,LOW_N
15.1,Lissandra,리산드라,SUPPORT,2,0.021,50.0,3.381,318.7,39.0,LOW_N
15.1,MissFortune,미스 포츈,SUPPORT,2,0.021,50.0,1.229,316.4,67.0,LOW_N
15.1,Mordekaiser,모데카이저,JUNGLE,2,0.021,100.0,4.825,475.9,24.0,LOW_N
15.1,Nunu,누누와 윌럼프,SUPPORT,2,0.021,50.0,1.671,299.2,31.5,LOW_N
15.1,Poppy,뽀삐,JUNGLE,2,0.021,50.0,2.548,400.7,21.5,LOW_N
15.1,Rengar,렝가,TOP,2,0.021,0.0,1.125,375.7,11.0,LOW_N
15.1,Rumble,럼블,JUNGLE,2,0.021,0.0,1.417,374.6,21.5,LOW_N
15.1,Sejuani,세주아니,TOP,2,0.021,50.0,3.5,447.8,12.0,LOW_N
15.1,Sett,세트,MID,2,0.021,50.0,2.833,426.0,8.5,LOW_N
15.1,Shyvana,쉬바나,MID,2,0.021,100.0,4.25,497.2,15.0,LOW_N
15.1,Shyvana,쉬바나,TOP,2,0.021,50.0,1.468,405.9,22.5,LOW_N
15.1,Singed,신지드,MID,2,0.021,0.0,3.55,413.2,11.5,LOW_N
15.1,Sion,사이온,BOT,2,0.021,0.0,1.665,428.3,10.0,LOW_N
15.1,Taliyah,탈리야,JUNGLE,2,0.021,100.0,4.833,461.9,23.5,LOW_N
15.1,Tristana,트리스타나,MID,2,0.021,50.0,1.357,429.1,18.5,LOW_N
15.1,Twitch,트위치,SUPPORT,2,0.021,100.0,3.222,452.8,74.5,LOW_N
15.1,Varus,바루스,MID,2,0.021,50.0,2.25,427.5,17.5,LOW_N
15.1,Vi,바이,TOP,2,0.021,50.0,0.482,380.8,14.0,LOW_N
15.1,Viktor,빅토르,TOP,2,0.021,100.0,3.267,416.0,20.0,LOW_N
15.1,Volibear,볼리베어,MID,2,0.021,0.0,0.25,300.3,7.5,LOW_N
15.1,Warwick,워윅,MID,2,0.021,100.0,3.857,426.4,14.0,LOW_N
15.1,Yorick,요릭,MID,2,0.021,50.0,2.7,454.6,8.5,LOW_N
15.1,Aatrox,아트록스,MID,1,0.01,100.0,1.5,341.5,19.0,LOW_N
15.1,Akshan,아크샨,BOT,1,0.01,0.0,1.667,378.9,8.0,LOW_N
15.1,Ambessa,암베사,BOT,1,0.01,100.0,2.125,503.8,10.0,LOW_N
15.1,Amumu,아무무,SUPPORT,1,0.01,0.0,1.222,248.7,66.0,LOW_N
15.1,Annie,애니,BOT,1,0.01,100.0,4.667,469.1,17.0,LOW_N
15.1,Ashe,애쉬,JUNGLE,1,0.01,100.0,2.0,388.2,30.0,LOW_N
15.1,Ashe,애쉬,SUPPORT,1,0.01,0.0,2.857,316.2,94.0,LOW_N
15.1,Ashe,애쉬,TOP,1,0.01,0.0,2.5,398.0,12.0,LOW_N
15.1,AurelionSol,아우렐리온 솔,BOT,1,0.01,0.0,1.375,318.2,10.0,LOW_N
15.1,Aurora,오로라,BOT,1,0.01,100.0,2.5,381.8,8.0,LOW_N
15.1,Brand,브랜드,TOP,1,0.01,100.0,2.6,434.8,14.0,LOW_N
15.1,Briar,브라이어,BOT,1,0.01,0.0,1.143,423.4,18.0,LOW_N
15.1,Camille,카밀,MID,1,0.01,100.0,4.0,581.0,3.0,LOW_N
15.1,Darius,다리우스,JUNGLE,1,0.01,100.0,3.5,397.0,11.0,LOW_N
15.1,Diana,다이애나,TOP,1,0.01,0.0,1.143,400.0,16.0,LOW_N
15.1,DrMundo,문도 박사,MID,1,0.01,0.0,1.111,376.4,19.0,LOW_N
15.1,Ekko,에코,SUPPORT,1,0.01,0.0,2.25,315.2,82.0,LOW_N
15.1,Elise,엘리스,TOP,1,0.01,100.0,10.0,422.4,8.0,LOW_N
15.1,Ezreal,이즈리얼,SUPPORT,1,0.01,0.0,0.455,235.9,56.0,LOW_N
15.1,FiddleSticks,FiddleSticks,MID,1,0.01,100.0,7.0,407.0,15.0,LOW_N
15.1,Fizz,피즈,TOP,1,0.01,0.0,2.778,444.7,45.0,LOW_N
15.1,Gangplank,갱플랭크,MID,1,0.01,100.0,24.0,544.8,17.0,LOW_N
15.1,Garen,가렌,BOT,1,0.01,0.0,1.286,395.1,17.0,LOW_N
15.1,Gragas,그라가스,BOT,1,0.01,100.0,1.167,285.9,10.0,LOW_N
15.1,Gragas,그라가스,SUPPORT,1,0.01,100.0,13.5,370.5,49.0,LOW_N
15.1,Graves,그레이브즈,TOP,1,0.01,100.0,1.333,367.7,6.0,LOW_N
15.1,Heimerdinger,하이머딩거,BOT,1,0.01,0.0,1.5,295.2,16.0,LOW_N
15.1,Hwei,흐웨이,SUPPORT,1,0.01,100.0,3.0,291.4,62.0,LOW_N
15.1,Illaoi,일라오이,MID,1,0.01,100.0,2.333,386.9,17.0,LOW_N
15.1,Ivern,아이번,BOT,1,0.01,100.0,4.333,451.0,23.0,LOW_N
15.1,Ivern,아이번,TOP,1,0.01,100.0,2.0,327.9,8.0,LOW_N
15.1,JarvanIV,자르반 4세,SUPPORT,1,0.01,0.0,1.444,249.5,69.0,LOW_N
15.1,Kaisa,카이사,MID,1,0.01,100.0,4.25,449.5,18.0,LOW_N
15.1,Kalista,칼리스타,TOP,1,0.01,100.0,3.0,428.4,9.0,LOW_N
15.1,Karthus,카서스,TOP,1,0.01,100.0,2.889,478.6,9.0,LOW_N
15.1,Khazix,카직스,MID,1,0.01,100.0,14.5,593.5,18.0,LOW_N
15.1,Kindred,킨드레드,SUPPORT,1,0.01,0.0,0.875,251.7,53.0,LOW_N
15.1,Kled,클레드,MID,1,0.01,100.0,4.25,498.4,8.0,LOW_N
15.1,Leblanc,르블랑,BOT,1,0.01,100.0,1.222,361.3,29.0,LOW_N
15.1,Leblanc,르블랑,TOP,1,0.01,100.0,4.0,353.3,23.0,LOW_N
15.1,LeeSin,리 신,TOP,1,0.01,100.0,2.75,481.7,13.0,LOW_N
15.1,Lillia,릴리아,TOP,1,0.01,0.0,0.214,284.9,13.0,LOW_N
15.1,Lulu,룰루,JUNGLE,1,0.01,0.0,2.667,334.9,18.0,LOW_N
15.1,Malphite,말파이트,BOT,1,0.01,0.0,1.0,353.0,11.0,LOW_N
15.1,Malphite,말파이트,JUNGLE,1,0.01,100.0,3.8,422.1,24.0,LOW_N
15.1,Malzahar,말자하,BOT,1,0.01,100.0,1.5,320.8,15.0,LOW_N
15.1,Malzahar,말자하,SUPPORT,1,0.01,100.0,1.091,290.9,113.0,LOW_N
15.1,MasterYi,마스터 이,TOP,1,0.01,100.0,2.083,412.8,24.0,LOW_N
15.1,MonkeyKing,오공,SUPPORT,1,0.01,100.0,5.333,369.0,42.0,LOW_N
15.1,Mordekaiser,모데카이저,MID,1,0.01,0.0,1.125,388.0,5.0,LOW_N
15.1,Morgana,모르가나,BOT,1,0.01,100.0,4.5,361.9,33.0,LOW_N
15.1,Naafiri,나피리,BOT,1,0.01,100.0,3.333,382.2,14.0,LOW_N
15.1,Naafiri,나피리,TOP,1,0.01,0.0,0.25,357.2,12.0,LOW_N
15.1,Nami,나미,BOT,1,0.01,100.0,0.0,303.9,0.0,LOW_N
15.1,Nasus,나서스,JUNGLE,1,0.01,100.0,1.875,442.2,10.0,LOW_N
15.1,Nasus,나서스,MID,1,0.01,100.0,1.667,360.8,6.0,LOW_N
15.1,Nasus,나서스,SUPPORT,1,0.01,100.0,4.5,314.8,91.0,LOW_N
15.1,Nunu,누누와 윌럼프,MID,1,0.01,0.0,2.0,292.5,4.0,LOW_N
15.1,Olaf,올라프,BOT,1,0.01,100.0,2.75,461.9,20.0,LOW_N
15.1,Olaf,올라프,JUNGLE,1,0.01,100.0,1.333,365.8,16.0,LOW_N
15.1,Olaf,올라프,MID,1,0.01,100.0,1.333,367.8,4.0,LOW_N
15.1,Orianna,오리아나,SUPPORT,1,0.01,0.0,5.4,279.4,97.0,LOW_N
15.1,Pyke,파이크,MID,1,0.01,100.0,2.8,362.1,8.0,LOW_N
15.1,Qiyana,키아나,SUPPORT,1,0.01,100.0,2.714,329.1,81.0,LOW_N
15.1,Qiyana,키아나,TOP,1,0.01,0.0,0.714,319.5,8.0,LOW_N
15.1,Quinn,퀸,BOT,1,0.01,100.0,3.0,409.4,16.0,LOW_N
15.1,Rammus,람머스,TOP,1,0.01,0.0,1.8,394.2,16.0,LOW_N
15.1,Rell,렐,TOP,1,0.01,100.0,5.0,322.6,8.0,LOW_N
15.1,Renekton,레넥톤,MID,1,0.01,0.0,3.0,422.4,18.0,LOW_N
15.1,Riven,리븐,JUNGLE,1,0.01,100.0,0.0,297.1,0.0,LOW_N
15.1,Senna,세나,BOT,1,0.01,100.0,1.857,374.4,24.0,LOW_N
15.1,Shen,쉔,MID,1,0.01,0.0,1.429,306.9,15.0,LOW_N
15.1,Singed,신지드,SUPPORT,1,0.01,0.0,3.667,236.1,31.0,LOW_N
15.1,Sion,사이온,MID,1,0.01,100.0,0.667,412.9,14.0,LOW_N
15.1,Sivir,시비르,MID,1,0.01,100.0,3.25,439.5,18.0,LOW_N
15.1,Smolder,스몰더,JUNGLE,1,0.01,0.0,1.0,351.6,15.0,LOW_N
15.1,Soraka,소라카,MID,1,0.01,0.0,2.0,358.0,16.0,LOW_N
15.1,Syndra,신드라,SUPPORT,1,0.01,100.0,4.5,326.3,80.0,LOW_N
15.1,TahmKench,탐 켄치,BOT,1,0.01,100.0,4.667,397.5,12.0,LOW_N
15.1,Taliyah,탈리야,BOT,1,0.01,0.0,1.6,453.1,12.0,LOW_N
15.1,Taliyah,탈리야,TOP,1,0.01,100.0,9.5,421.5,26.0,LOW_N
15.1,Talon,탈론,TOP,1,0.01,100.0,5.0,500.8,19.0,LOW_N
15.1,Taric,타릭,MID,1,0.01,100.0,24.0,352.2,11.0,LOW_N
15.1,TwistedFate,트위스티드 페이트,SUPPORT,1,0.01,0.0,0.385,237.2,30.0,LOW_N
15.1,Twitch,트위치,MID,1,0.01,100.0,3.8,482.2,17.0,LOW_N
15.1,Twitch,트위치,TOP,1,0.01,100.0,1.6,363.7,21.0,LOW_N
15.1,Udyr,우디르,MID,1,0.01,100.0,3.667,383.5,14.0,LOW_N
15.1,Urgot,우르곳,MID,1,0.01,100.0,0.714,404.3,8.0,LOW_N
15.1,Varus,바루스,SUPPORT,1,0.01,0.0,1.0,316.6,51.0,LOW_N
15.1,Vayne,베인,MID,1,0.01,100.0,4.5,465.0,5.0,LOW_N
15.1,Veigar,베이가,TOP,1,0.01,100.0,4.0,458.2,16.0,LOW_N
15.1,Velkoz,벨코즈,BOT,1,0.01,100.0,5.0,362.3,14.0,LOW_N
15.1,Vex,벡스,SUPPORT,1,0.01,0.0,0.0,286.8,0.0,LOW_N
15.1,Vex,벡스,TOP,1,0.01,100.0,4.8,438.7,18.0,LOW_N
15.1,Viego,비에고,MID,1,0.01,100.0,2.5,450.8,23.0,LOW_N
15.1,Vladimir,블라디미르,BOT,1,0.01,100.0,2.667,370.9,16.0,LOW_N
15.1,Xerath,제라스,TOP,1,0.01,0.0,0.667,317.5,4.0,LOW_N
15.1,Yasuo,야스오,SUPPORT,1,0.01,0.0,1.727,407.9,31.0,LOW_N
15.1,Yorick,요릭,BOT,1,0.01,100.0,4.2,469.3,7.0,LOW_N
15.1,Yuumi,유미,JUNGLE,1,0.01,100.0,10.0,305.1,10.0,LOW_N
15.1,Zac,자크,MID,1,0.01,0.0,2.2,329.6,32.0,LOW_N
15.1,Zeri,제리,TOP,1,0.01,0.0,0.0,292.6,0.0,LOW_N
15.1,Zilean,질리언,TOP,1,0.01,100.0,7.5,414.2,11.0,LOW_N
15.1,Zoe,조이,BOT,1,0.01,100.0,0.857,329.8,7.0,LOW_N
15.1,Zoe,조이,TOP,1,0.01,0.0,0.909,316.8,20.0,LOW_N
15.1,Zyra,자이라,BOT,1,0.01,0.0,2.6,428.6,22.0,LOW_N
15.3,Jinx,징크스,BOT,1171,2.523,52.26,3.23,427.6,16.09,
15.3,Lulu,룰루,SUPPORT,895,1.929,55.42,5.373,282.8,59.33,
15.3,Caitlyn,케이틀린,BOT,859,1.851,50.41,2.856,426.9,17.15,
15.3,Ezreal,이즈리얼,BOT,758,1.633,50.26,3.689,414.1,15.54,
15.3,Nami,나미,SUPPORT,722,1.556,51.11,4.972,278.4,59.86,
15.3,Diana,다이애나,JUNGLE,708,1.526,52.54,3.714,431.5,22.15,
15.3,Jhin,진,BOT,654,1.409,49.85,3.979,429.3,15.55,
15.3,Vayne,베인,BOT,616,1.327,51.95,2.854,423.5,17.06,
15.3,Mel,멜,MID,603,1.299,47.76,3.49,417.9,17.51,
15.3,Twitch,트위치,BOT,578,1.246,53.98,3.323,440.3,15.58,
15.3,Thresh,쓰레쉬,SUPPORT,563,1.213,48.67,4.02,287.4,62.35,
15.3,Viego,비에고,JUNGLE,561,1.209,50.27,3.528,426.8,22.08,
15.3,MissFortune,미스 포츈,BOT,556,1.198,50.36,3.35,442.2,17.79,
15.3,Kayn,케인,JUNGLE,508,1.095,54.13,3.588,416.7,21.15,
15.3,Kaisa,카이사,BOT,506,1.09,47.83,3.198,437.6,16.1,
15.3,Karma,카르마,SUPPORT,494,1.064,51.01,4.173,294.5,62.38,
15.3,Syndra,신드라,MID,456,0.983,50.88,3.449,415.8,19.01,
15.3,Milio,밀리오,SUPPORT,425,0.916,53.65,5.767,271.7,60.75,
15.3,Darius,다리우스,TOP,419,0.903,52.51,2.714,419.6,18.04,
15.3,Chogath,초가스,TOP,413,0.89,52.06,2.878,396.0,17.2,
15.3,Nocturne,녹턴,JUNGLE,401,0.864,45.89,3.834,418.0,22.9,
15.3,Katarina,카타리나,MID,390,0.84,52.05,3.201,427.6,17.47,
15.3,Garen,가렌,TOP,381,0.821,49.61,2.938,425.8,16.69,
15.3,Sett,세트,TOP,375,0.808,50.13,2.301,410.9,15.87,
15.3,Ahri,아리,MID,370,0.797,48.92,3.585,393.4,20.0,
15.3,Viktor,빅토르,MID,365,0.787,47.4,2.947,396.3,16.85,
15.3,Yasuo,야스오,MID,365,0.787,54.79,2.424,415.3,16.72,
15.3,JarvanIV,자르반 4세,JUNGLE,357,0.769,49.58,4.723,396.2,23.08,
15.3,MasterYi,마스터 이,JUNGLE,356,0.767,51.69,2.851,435.5,21.94,
15.3,Kayle,케일,TOP,343,0.739,52.19,2.381,431.1,16.92,
15.3,Yuumi,유미,SUPPORT,340,0.733,50.29,7.123,276.8,43.31,
15.3,Amumu,아무무,JUNGLE,339,0.73,55.46,3.923,385.2,20.97,
15.3,Janna,잔나,SUPPORT,332,0.715,56.93,5.49,284.0,65.44,
15.3,Leona,레오나,SUPPORT,330,0.711,53.03,3.508,287.3,60.99,
15.3,Aatrox,아트록스,TOP,317,0.683,52.68,3.0,397.5,16.29,
15.3,Varus,바루스,BOT,310,0.668,52.26,3.406,420.0,17.0,
15.3,Vi,바이,JUNGLE,306,0.659,50.98,3.667,402.8,22.92,
15.3,Zed,제드,MID,305,0.657,48.52,3.355,419.2,17.55,
15.3,Malphite,말파이트,TOP,301,0.649,51.5,3.649,375.7,17.51,
15.3,Nautilus,노틸러스,SUPPORT,297,0.64,49.16,3.27,289.3,59.07,
15.3,Mordekaiser,모데카이저,TOP,294,0.634,53.06,2.654,397.5,16.13,
15.3,Draven,드레이븐,BOT,292,0.629,44.52,2.454,472.1,14.12,
15.3,Malzahar,말자하,MID,292,0.629,47.6,2.993,415.9,19.87,
15.3,Warwick,워윅,JUNGLE,291,0.627,55.33,3.919,419.1,21.1,
15.3,Lux,럭스,MID,290,0.625,48.62,3.826,394.4,18.61,
15.3,Hecarim,헤카림,JUNGLE,289,0.623,51.9,4.322,436.0,18.17,
15.3,Sylas,사일러스,MID,289,0.623,50.52,3.07,387.9,17.39,
15.3,Lux,럭스,SUPPORT,286,0.616,50.7,3.504,321.4,62.3,
15.3,Hwei,흐웨이,MID,276,0.595,49.64,3.329,396.4,17.38,
15.3,Samira,사미라,BOT,273,0.588,52.75,2.835,463.0,15.59,
15.3,Tristana,트리스타나,BOT,273,0.588,50.18,2.947,450.1,17.82,
15.3,Yone,요네,MID,264,0.569,53.03,2.56,417.6,16.81,
15.3,LeeSin,리 신,JUNGLE,261,0.562,53.26,4.525,409.4,24.18,
15.3,Vladimir,블라디미르,MID,257,0.554,51.75,4.111,409.4,14.87,
15.3,MonkeyKing,오공,JUNGLE,252,0.543,50.0,3.872,405.8,24.29,
15.3,Aurora,오로라,MID,251,0.541,51.0,3.754,398.4,19.69,
15.3,Lissandra,리산드라,MID,250,0.539,47.6,3.434,392.6,19.28,
15.3,Khazix,카직스,JUNGLE,247,0.532,52.63,4.123,432.4,23.3,
15.3,Senna,세나,SUPPORT,246,0.53,52.85,4.209,329.5,59.73,
15.3,Aphelios,아펠리오스,BOT,242,0.521,49.17,2.507,429.2,14.86,
15.3,Jax,잭스,TOP,236,0.509,48.31,2.536,412.0,15.96,
15.3,Soraka,소라카,SUPPORT,231,0.498,48.05,4.581,264.7,61.08,
15.3,Braum,브라움,SUPPORT,230,0.496,47.39,3.782,276.0,64.02,
15.3,Riven,리븐,TOP,229,0.493,53.71,2.561,418.9,15.22,
15.3,Volibear,볼리베어,TOP,229,0.493,45.85,1.902,402.3,16.28,
15.3,Pyke,파이크,SUPPORT,228,0.491,45.18,2.861,331.8,73.75,
15.3,Morgana,모르가나,SUPPORT,227,0.489,50.66,3.378,310.0,65.56,
15.3,Elise,엘리스,SUPPORT,223,0.481,48.43,2.81,344.8,67.41,
15.3,Corki,코르키,BOT,220,0.474,42.73,3.358,422.0,15.94,
15.3,Akali,아칼리,MID,219,0.472,55.71,3.652,401.8,18.4,
15.3,KogMaw,코그모,BOT,217,0.468,55.76,2.723,427.2,15.4,
15.3,Shaco,샤코,JUNGLE,213,0.459,40.38,3.75,398.1,25.24,
15.3,Nasus,나서스,TOP,205,0.442,51.22,2.798,402.1,14.17,
15.3,XinZhao,신 짜오,JUNGLE,204,0.44,58.82,4.218,409.9,23.23,
15.3,Lucian,루시안,BOT,199,0.429,47.74,3.093,433.1,16.5,
15.3,Ambessa,암베사,TOP,198,0.427,47.47,2.427,383.8,16.93,
15.3,Sivir,시비르,BOT,197,0.425,52.28,2.946,427.5,17.46,
15.3,Yone,요네,TOP,197,0.425,52.28,2.168,411.7,15.82,
15.3,Zyra,자이라,SUPPORT,196,0.422,51.53,3.301,307.4,69.41,
15.3,Rell,렐,SUPPORT,195,0.42,46.67,4.172,288.7,61.88,
15.3,Ornn,오른,TOP,193,0.416,47.67,3.573,367.6,15.73,
15.3,Volibear,볼리베어,JUNGLE,192,0.414,55.21,3.863,403.1,20.58,
15.3,Nunu,누누와 윌럼프,JUNGLE,191,0.412,58.12,4.124,385.0,20.06,
15.3,Sion,사이온,TOP,191,0.412,45.55,1.923,419.3,14.43,
15.3,Smolder,스몰더,BOT,191,0.412,50.26,3.034,420.1,16.65,
15.3,Briar,브라이어,JUNGLE,190,0.409,50.53,3.138,438.5,19.99,
15.3,Akshan,아크샨,MID,187,0.403,52.41,3.434,448.3,15.95,
15.3,Orianna,오리아나,MID,187,0.403,47.06,3.614,396.8,18.34,
15.3,Rengar,렝가,JUNGLE,187,0.403,52.41,3.533,450.1,22.86,
15.3,Graves,그레이브즈,JUNGLE,183,0.394,44.26,3.562,453.7,22.46,
15.3,Renekton,레넥톤,TOP,181,0.39,48.07,2.748,411.3,16.56,
15.3,Irelia,이렐리아,TOP,177,0.381,50.28,2.261,467.2,16.06,
15.3,Urgot,우르곳,TOP,175,0.377,57.71,2.637,421.8,19.42,
15.3,Ashe,애쉬,BOT,173,0.373,50.29,2.837,397.8,20.8,
15.3,Lillia,릴리아,JUNGLE,172,0.371,48.84,3.765,414.8,20.79,
15.3,Fizz,피즈,MID,170,0.366,41.76,3.12,414.0,18.42,
15.3,Galio,갈리오,MID,168,0.362,53.57,4.048,364.0,18.66,
15.3,Shen,쉔,TOP,167,0.36,47.9,4.283,352.5,15.31,
15.3,Gragas,그라가스,TOP,163,0.351,47.24,3.256,381.2,17.21,
15.3,Teemo,티모,TOP,162,0.349,57.41,2.227,410.0,20.1,
15.3,KSante,크산테,TOP,161,0.347,44.72,2.776,370.4,14.62,
15.3,Veigar,베이가,MID,161,0.347,47.83,3.107,411.9,18.83,
15.3,Kindred,킨드레드,JUNGLE,159,0.343,52.83,3.558,439.4,23.44,
15.3,Xerath,제라스,MID,158,0.34,41.77,3.876,390.8,15.79,
15.3,Ekko,에코,JUNGLE,157,0.338,47.77,3.821,435.6,23.85,
15.3,Gnar,나르,TOP,157,0.338,50.96,2.534,398.1,18.03,
15.3,Pantheon,판테온,JUNGLE,157,0.338,40.76,3.78,399.1,21.16,
15.3,Xayah,자야,BOT,157,0.338,43.31,3.271,431.1,17.11,
15.3,DrMundo,문도 박사,TOP,156,0.336,50.64,3.03,401.7,16.39,
15.3,Sejuani,세주아니,JUNGLE,155,0.334,48.39,5.167,380.0,23.52,
15.3,FiddleSticks,FiddleSticks,JUNGLE,154,0.332,49.35,3.83,392.2,51.02,
15.3,Vladimir,블라디미르,TOP,154,0.332,42.86,2.85,391.8,15.7,
15.3,Warwick,워윅,TOP,154,0.332,52.6,2.46,406.8,15.96,
15.3,Evelynn,이블린,JUNGLE,153,0.33,55.56,4.912,415.4,21.52,
15.3,Blitzcrank,블리츠크랭크,SUPPORT,152,0.328,42.76,3.899,277.1,59.91,
15.3,Pantheon,판테온,SUPPORT,151,0.325,52.32,2.804,344.4,58.07,
15.3,Bard,바드,SUPPORT,147,0.317,45.58,3.962,300.0,67.97,
15.3,Cassiopeia,카시오페아,MID,141,0.304,54.61,3.033,412.3,18.67,
15.3,Ekko,에코,MID,139,0.3,51.8,3.325,416.7,19.17,
15.3,Velkoz,벨코즈,SUPPORT,139,0.3,41.01,2.782,317.5,65.6,
15.3,Fiora,피오라,TOP,138,0.297,49.28,2.583,429.4,15.69,
15.3,Udyr,우디르,JUNGLE,134,0.289,50.0,3.782,411.8,19.37,
15.3,Camille,카밀,TOP,132,0.284,48.48,2.607,411.7,16.27,
15.3,Kassadin,카사딘,MID,132,0.284,52.27,3.463,405.0,14.99,
15.3,Quinn,퀸,TOP,132,0.284,53.79,2.615,431.6,20.8,
15.3,Tryndamere,트린다미어,TOP,132,0.284,53.03,2.4,445.7,15.94,
15.3,TahmKench,탐 켄치,TOP,131,0.282,50.38,3.428,361.2,16.17,
15.3,Maokai,마오카이,SUPPORT,130,0.28,59.23,3.7,295.0,61.88,
15.3,Swain,스웨인,SUPPORT,130,0.28,56.15,3.053,319.7,55.38,
15.3,Rakan,라칸,SUPPORT,128,0.276,46.88,4.13,277.4,61.66,
15.3,Yorick,요릭,TOP,128,0.276,53.91,2.5,429.8,15.13,
15.3,Zac,자크,JUNGLE,128,0.276,50.78,6.049,380.6,20.43,
15.3,Zed,제드,JUNGLE,127,0.274,48.03,4.271,433.2,20.45,
15.3,Chogath,초가스,MID,125,0.269,60.0,3.752,400.0,18.02,
15.3,Poppy,뽀삐,SUPPORT,125,0.269,54.4,3.059,312.0,63.81,
15.3,Talon,탈론,JUNGLE,125,0.269,35.2,2.872,432.6,20.89,
15.3,Leblanc,르블랑,MID,124,0.267,45.16,4.106,398.5,21.14,
15.3,TahmKench,탐 켄치,SUPPORT,124,0.267,47.58,3.615,307.6,56.24,
15.3,Trundle,트런들,TOP,124,0.267,49.19,1.655,443.8,15.98,
15.3,Zilean,질리언,SUPPORT,123,0.265,47.15,4.375,287.6,56.93,
15.3,Alistar,알리스타,SUPPORT,120,0.259,45.83,3.704,277.8,59.71,
15.3,Pantheon,판테온,TOP,118,0.254,50.85,2.558,393.8,16.5,
15.3,Sona,소나,SUPPORT,118,0.254,55.08,4.325,289.5,56.81,
15.3,Azir,아지르,MID,116,0.25,46.55,2.82,413.9,17.9,
15.3,Irelia,이렐리아,MID,113,0.243,49.56,2.313,461.9,15.62,
15.3,Kayle,케일,MID,113,0.243,57.52,3.066,452.0,15.85,
15.3,Nilah,닐라,BOT,113,0.243,54.87,3.446,460.3,13.6,
15.3,Shyvana,쉬바나,JUNGLE,113,0.243,46.02,3.671,427.5,24.69,
15.3,Mel,멜,SUPPORT,111,0.239,49.55,3.213,337.1,60.65,
15.3,Kalista,칼리스타,BOT,109,0.235,50.46,3.281,453.6,17.69,
15.3,Vex,벡스,MID,108,0.233,55.56,2.708,399.4,21.59,
15.3,AurelionSol,아우렐리온 솔,MID,104,0.224,56.73,3.442,414.8,17.13,
15.3,Kennen,케넨,TOP,102,0.22,59.8,3.622,399.9,19.39,
15.3,Skarner,스카너,JUNGLE,102,0.22,45.1,4.691,365.8,18.42,
15.3,Zoe,조이,MID,102,0.22,45.1,3.646,380.1,19.48,
15.3,Taric,타릭,SUPPORT,101,0.218,42.57,3.489,286.4,54.46,
15.3,Xerath,제라스,SUPPORT,100,0.215,48.0,4.605,327.9,53.4,
15.3,Zeri,제리,BOT,100,0.215,56.0,3.223,463.1,18.53,
15.3,Elise,엘리스,JUNGLE,96,0.207,45.83,3.69,408.4,25.19,
15.3,Seraphine,세라핀,SUPPORT,95,0.205,45.26,3.252,293.2,57.38,
15.3,Gangplank,갱플랭크,TOP,92,0.198,56.52,3.183,453.5,16.68,
15.3,Gwen,그웬,TOP,92,0.198,47.83,2.046,427.4,16.17,
15.3,Annie,애니,MID,91,0.196,52.75,2.63,388.7,18.91,
15.3,Diana,다이애나,MID,91,0.196,61.54,3.23,442.0,21.24,
15.3,Brand,브랜드,SUPPORT,87,0.187,52.87,2.479,322.9,65.09,
15.3,Swain,스웨인,MID,86,0.185,55.81,3.485,380.8,14.93,
15.3,Anivia,애니비아,MID,84,0.181,61.9,4.646,406.9,20.45,
15.3,Mel,멜,BOT,84,0.181,47.62,4.159,427.9,16.52,
15.3,Illaoi,일라오이,TOP,83,0.179,54.22,1.582,414.1,14.48,
15.3,Rammus,람머스,JUNGLE,83,0.179,56.63,5.32,369.6,17.14,
15.3,Belveth,벨베스,JUNGLE,82,0.177,46.34,4.164,436.6,22.55,
15.3,Ryze,라이즈,MID,82,0.177,48.78,3.169,406.8,17.5,
15.3,Velkoz,벨코즈,MID,82,0.177,57.32,3.389,391.5,20.37,
15.3,Gwen,그웬,JUNGLE,81,0.175,51.85,3.412,447.2,24.07,
15.3,Qiyana,키아나,MID,81,0.175,50.62,2.974,417.5,17.42,
15.3,Singed,신지드,TOP,81,0.175,44.44,2.053,400.6,16.23,
15.3,Jayce,제이스,TOP,80,0.172,40.0,2.372,406.2,18.86,
15.3,Karthus,카서스,JUNGLE,78,0.168,48.72,2.687,439.6,21.14,
15.3,Maokai,마오카이,TOP,74,0.159,54.05,3.5,351.5,15.46,
15.3,Renata,레나타 글라스크,SUPPORT,71,0.153,52.11,3.873,287.5,73.46,
15.3,Vayne,베인,TOP,71,0.153,49.3,2.181,400.2,16.54,
15.3,Yasuo,야스오,TOP,69,0.149,56.52,2.644,418.5,15.72,
15.3,Talon,탈론,MID,67,0.144,49.25,2.743,421.2,17.66,
15.3,TwistedFate,트위스티드 페이트,MID,66,0.142,45.45,3.934,418.3,17.2,
15.3,Akali,아칼리,TOP,65,0.14,52.31,3.446,389.4,17.37,
15.3,Olaf,올라프,TOP,65,0.14,47.69,2.475,430.0,15.29,
15.3,Cassiopeia,카시오페아,TOP,64,0.138,46.88,2.074,391.4,20.03,
15.3,Ivern,아이번,JUNGLE,64,0.138,60.94,6.725,357.6,22.83,
15.3,Kled,클레드,TOP,63,0.136,52.38,3.351,414.6,17.0,
15.3,Aurora,오로라,TOP,61,0.131,50.82,2.589,385.1,18.26,
15.3,Yorick,요릭,JUNGLE,60,0.129,53.33,4.328,429.4,19.72,
15.3,Gragas,그라가스,JUNGLE,59,0.127,49.15,2.874,387.9,21.14,
15.3,Naafiri,나피리,MID,57,0.123,43.86,3.383,414.7,19.35,
15.3,Neeko,니코,SUPPORT,56,0.121,55.36,2.848,314.5,57.34,
15.3,MonkeyKing,오공,TOP,54,0.116,61.11,3.129,428.4,18.06,
15.3,Karma,카르마,MID,53,0.114,52.83,3.389,363.0,17.98,
15.3,Rumble,럼블,TOP,52,0.112,40.38,2.737,385.9,16.48,
15.3,Swain,스웨인,BOT,52,0.112,57.69,3.837,400.4,15.06,
15.3,Nidalee,니달리,JUNGLE,50,0.108,48.0,4.481,406.7,22.46,
15.3,Zyra,자이라,JUNGLE,50,0.108,50.0,3.977,398.6,26.82,
15.3,Shaco,샤코,SUPPORT,48,0.103,60.42,3.891,316.0,62.54,
15.3,Sylas,사일러스,TOP,48,0.103,56.25,2.502,377.0,15.67,
15.3,Corki,코르키,MID,47,0.101,40.43,2.563,409.8,18.17,
15.3,Ziggs,직스,BOT,47,0.101,38.3,3.304,416.1,16.51,
15.3,Taliyah,탈리야,MID,46,0.099,52.17,3.143,401.8,18.85,
15.3,Pantheon,판테온,MID,44,0.095,63.64,2.776,404.2,17.3,
15.3,Trundle,트런들,JUNGLE,42,0.091,47.62,3.964,416.7,23.29,
15.3,Garen,가렌,MID,40,0.086,52.5,3.179,434.2,16.45,
15.3,Heimerdinger,하이머딩거,TOP,40,0.086,52.5,1.958,402.6,16.9,
15.3,Maokai,마오카이,JUNGLE,40,0.086,42.5,3.928,351.8,20.28,
15.3,Yasuo,야스오,BOT,40,0.086,37.5,2.151,401.7,16.53,
15.3,Zac,자크,TOP,40,0.086,55.0,4.13,402.3,16.53,
15.3,Poppy,뽀삐,TOP,39,0.084,38.46,2.054,367.7,16.46,
15.3,Quinn,퀸,MID,38,0.082,39.47,2.338,431.9,19.39,
15.3,RekSai,렉사이,JUNGLE,35,0.075,31.43,3.868,405.3,19.8,
15.3,Veigar,베이가,BOT,35,0.075,54.29,4.098,424.8,12.14,
15.3,Smolder,스몰더,MID,34,0.073,38.24,2.935,407.4,14.76,
15.3,Jax,잭스,JUNGLE,33,0.071,66.67,4.229,438.9,26.0,
15.3,Malphite,말파이트,MID,33,0.071,48.48,3.137,373.4,16.67,
15.3,Hwei,흐웨이,BOT,32,0.069,53.13,3.229,410.6,17.75,
15.3,Lux,럭스,BOT,32,0.069,46.88,3.93,398.4,19.0,
15.3,Ryze,라이즈,TOP,32,0.069,46.88,2.411,417.5,18.16,
15.3,Karthus,카서스,BOT,30,0.065,70.0,3.679,474.5,12.97,
15.3,Sylas,사일러스,SUPPORT,30,0.065,56.67,2.513,354.3,57.93,
15.3,Brand,브랜드,MID,29,0.062,48.28,3.69,387.4,20.45,LOW_N
15.3,Darius,다리우스,JUNGLE,29,0.062,58.62,3.541,432.7,21.17,LOW_N
15.3,Tristana,트리스타나,MID,29,0.062,41.38,1.855,422.2,17.59,LOW_N
15.3,Velkoz,벨코즈,BOT,29,0.062,55.17,3.192,375.7,25.41,LOW_N
15.3,Ziggs,직스,MID,29,0.062,41.38,2.695,403.9,17.66,LOW_N
15.3,Heimerdinger,하이머딩거,MID,28,0.06,53.57,2.062,387.7,20.86,LOW_N
15.3,Karma,카르마,TOP,28,0.06,46.43,3.572,366.0,17.75,LOW_N
15.3,Brand,브랜드,BOT,27,0.058,70.37,5.488,396.2,21.19,LOW_N
15.3,Jayce,제이스,MID,27,0.058,33.33,2.395,411.3,16.15,LOW_N
15.3,Kayn,케인,TOP,26,0.056,57.69,2.597,420.3,15.81,LOW_N
15.3,Mel,멜,TOP,26,0.056,42.31,2.025,383.0,15.54,LOW_N
15.3,Shen,쉔,SUPPORT,26,0.056,46.15,4.037,309.0,58.85,LOW_N
15.3,Galio,갈리오,SUPPORT,25,0.054,52.0,3.784,296.7,59.16,LOW_N
15.3,Gragas,그라가스,MID,25,0.054,44.0,2.544,391.3,18.12,LOW_N
15.3,Kennen,케넨,MID,24,0.052,62.5,3.422,416.5,18.88,LOW_N
15.3,Teemo,티모,SUPPORT,23,0.05,60.87,2.999,306.1,70.7,LOW_N
15.3,Akshan,아크샨,TOP,22,0.047,72.73,4.039,471.3,15.5,LOW_N
15.3,Ezreal,이즈리얼,MID,22,0.047,50.0,2.525,396.3,14.45,LOW_N
15.3,Seraphine,세라핀,BOT,22,0.047,50.0,2.905,359.2,18.32,LOW_N
15.3,Zoe,조이,SUPPORT,22,0.047,40.91,2.832,317.1,74.5,LOW_N
15.3,Hwei,흐웨이,SUPPORT,21,0.045,47.62,2.153,301.7,59.76,LOW_N
15.3,Swain,스웨인,TOP,21,0.045,47.62,4.682,391.5,17.0,LOW_N
15.3,Mordekaiser,모데카이저,JUNGLE,20,0.043,45.0,3.34,421.3,23.25,LOW_N
15.3,Taliyah,탈리야,JUNGLE,20,0.043,40.0,3.429,431.4,25.3,LOW_N
15.3,Twitch,트위치,SUPPORT,20,0.043,40.0,2.202,358.6,53.85,LOW_N
15.3,Varus,바루스,TOP,20,0.043,35.0,2.606,433.0,15.7,LOW_N
15.3,Lissandra,리산드라,TOP,19,0.041,36.84,2.088,368.1,19.0,LOW_N
15.3,Morgana,모르가나,JUNGLE,19,0.041,47.37,4.078,378.6,27.79,LOW_N
15.3,Neeko,니코,MID,19,0.041,47.37,2.164,370.5,18.74,LOW_N
15.3,Olaf,올라프,JUNGLE,19,0.041,57.89,3.508,429.1,19.47,LOW_N
15.3,Zilean,질리언,TOP,19,0.041,42.11,4.322,329.9,17.32,LOW_N
15.3,FiddleSticks,FiddleSticks,SUPPORT,18,0.039,38.89,1.777,294.2,82.5,LOW_N
15.3,Udyr,우디르,TOP,18,0.039,38.89,2.097,371.7,17.56,LOW_N
15.3,Ambessa,암베사,MID,17,0.037,29.41,2.981,392.0,15.12,LOW_N
15.3,Qiyana,키아나,JUNGLE,17,0.037,41.18,4.39,436.6,18.82,LOW_N
15.3,Gangplank,갱플랭크,MID,16,0.034,56.25,3.074,446.7,15.5,LOW_N
15.3,Leblanc,르블랑,SUPPORT,15,0.032,40.0,3.537,340.3,67.73,LOW_N
15.3,Nasus,나서스,MID,15,0.032,53.33,3.335,379.6,10.2,LOW_N
15.3,Quinn,퀸,SUPPORT,15,0.032,40.0,2.384,359.7,63.2,LOW_N
15.3,Smolder,스몰더,TOP,15,0.032,40.0,1.683,398.8,13.8,LOW_N
15.3,Varus,바루스,MID,15,0.032,66.67,5.111,464.7,17.0,LOW_N
15.3,Viktor,빅토르,BOT,15,0.032,40.0,3.017,406.3,14.67,LOW_N
15.3,Zac,자크,SUPPORT,15,0.032,60.0,2.959,320.1,58.33,LOW_N
15.3,Zilean,질리언,MID,15,0.032,80.0,6.035,337.0,17.67,LOW_N
15.3,Annie,애니,SUPPORT,14,0.03,57.14,3.141,320.6,64.29,LOW_N
15.3,Ashe,애쉬,SUPPORT,14,0.03,28.57,2.745,304.6,65.14,LOW_N
15.3,AurelionSol,아우렐리온 솔,JUNGLE,14,0.03,50.0,4.001,429.4,17.93,LOW_N
15.3,Camille,카밀,SUPPORT,14,0.03,35.71,1.922,316.8,66.57,LOW_N
15.3,Brand,브랜드,JUNGLE,13,0.028,30.77,4.154,385.3,28.69,LOW_N
15.3,Chogath,초가스,SUPPORT,13,0.028,53.85,3.458,329.0,55.38,LOW_N
15.3,JarvanIV,자르반 4세,SUPPORT,13,0.028,30.77,3.489,355.1,60.54,LOW_N
15.3,Malphite,말파이트,SUPPORT,13,0.028,30.77,3.477,307.8,60.92,LOW_N
15.3,Nunu,누누와 윌럼프,MID,13,0.028,69.23,3.104,386.1,17.46,LOW_N
15.3,Sylas,사일러스,JUNGLE,13,0.028,69.23,3.26,427.4,21.0,LOW_N
15.3,XinZhao,신 짜오,TOP,13,0.028,69.23,2.139,405.7,14.23,LOW_N
15.3,Ambessa,암베사,JUNGLE,12,0.026,66.67,3.246,417.4,21.17,LOW_N
15.3,Malzahar,말자하,TOP,12,0.026,66.67,3.081,427.8,16.75,LOW_N
15.3,Nasus,나서스,JUNGLE,12,0.026,66.67,4.543,406.8,17.92,LOW_N
15.3,DrMundo,문도 박사,JUNGLE,11,0.024,45.45,3.478,383.1,21.64,LOW_N
15.3,Rammus,람머스,TOP,11,0.024,72.73,1.422,362.0,17.09,LOW_N
15.3,Renekton,레넥톤,MID,11,0.024,36.36,2.094,426.5,8.91,LOW_N
15.3,Shen,쉔,MID,11,0.024,45.45,4.621,354.9,15.36,LOW_N
15.3,Skarner,스카너,TOP,11,0.024,18.18,1.355,311.6,12.82,LOW_N
15.3,Twitch,트위치,JUNGLE,11,0.024,45.45,2.608,408.4,42.55,LOW_N
15.3,Zed,제드,TOP,11,0.024,63.64,2.987,432.2,13.09,LOW_N
15.3,Anivia,애니비아,SUPPORT,10,0.022,50.0,2.82,325.0,57.1,LOW_N
15.3,Ekko,에코,TOP,10,0.022,50.0,3.137,422.8,19.6,LOW_N
15.3,Galio,갈리오,TOP,10,0.022,30.0,2.276,370.0,14.3,LOW_N
15.3,Heimerdinger,하이머딩거,BOT,10,0.022,60.0,2.612,363.9,26.0,LOW_N
15.3,Ivern,아이번,SUPPORT,10,0.022,70.0,4.778,283.8,65.9,LOW_N
15.3,Jhin,진,MID,10,0.022,60.0,4.93,426.1,17.0,LOW_N
15.3,KSante,크산테,MID,10,0.022,30.0,2.798,372.8,14.6,LOW_N
15.3,Kaisa,카이사,TOP,10,0.022,50.0,2.461,461.5,13.4,LOW_N
15.3,Poppy,뽀삐,JUNGLE,10,0.022,40.0,2.371,359.5,31.1,LOW_N
15.3,Sion,사이온,JUNGLE,10,0.022,30.0,3.259,402.7,27.4,LOW_N
15.3,TwistedFate,트위스티드 페이트,SUPPORT,10,0.022,50.0,2.353,304.2,65.5,LOW_N
15.3,Zyra,자이라,MID,10,0.022,60.0,6.587,428.4,21.0,LOW_N
15.3,Anivia,애니비아,TOP,9,0.019,55.56,4.6,411.1,19.56,LOW_N
15.3,Caitlyn,케이틀린,MID,9,0.019,55.56,2.037,457.6,15.22,LOW_N
15.3,Gragas,그라가스,SUPPORT,9,0.019,33.33,1.678,305.9,65.78,LOW_N
15.3,Hwei,흐웨이,TOP,9,0.019,44.44,2.332,395.7,25.11,LOW_N
15.3,Naafiri,나피리,TOP,9,0.019,22.22,3.161,401.7,17.0,LOW_N
15.3,Seraphine,세라핀,MID,9,0.019,44.44,2.942,357.3,20.33,LOW_N
15.3,Sion,사이온,SUPPORT,9,0.019,22.22,1.657,318.4,48.22,LOW_N
15.3,Teemo,티모,JUNGLE,9,0.019,55.56,3.227,379.0,35.44,LOW_N
15.3,Tryndamere,트린다미어,JUNGLE,9,0.019,33.33,2.406,455.0,25.89,LOW_N
15.3,Aatrox,아트록스,MID,8,0.017,75.0,3.638,429.8,13.38,LOW_N
15.3,Amumu,아무무,SUPPORT,8,0.017,62.5,2.325,303.6,55.13,LOW_N
15.3,Cassiopeia,카시오페아,BOT,8,0.017,37.5,2.714,375.6,15.0,LOW_N
15.3,Chogath,초가스,JUNGLE,8,0.017,25.0,2.907,356.2,22.75,LOW_N
15.3,FiddleSticks,FiddleSticks,TOP,8,0.017,50.0,1.365,328.0,39.5,LOW_N
15.3,MonkeyKing,오공,MID,8,0.017,62.5,3.814,437.7,17.13,LOW_N
15.3,Rengar,렝가,TOP,8,0.017,75.0,1.938,417.5,13.5,LOW_N
15.3,Sejuani,세주아니,SUPPORT,8,0.017,62.5,3.105,309.2,60.0,LOW_N
15.3,Sejuani,세주아니,TOP,8,0.017,37.5,3.327,380.2,17.38,LOW_N
15.3,Shaco,샤코,TOP,8,0.017,50.0,1.515,363.7,17.0,LOW_N
15.3,Syndra,신드라,BOT,8,0.017,62.5,2.285,437.2,18.75,LOW_N
15.3,Tryndamere,트린다미어,MID,8,0.017,50.0,2.199,366.2,16.5,LOW_N
15.3,Twitch,트위치,MID,8,0.017,100.0,4.849,516.0,15.25,LOW_N
15.3,Azir,아지르,TOP,7,0.015,28.57,2.632,420.5,13.71,LOW_N
15.3,Brand,브랜드,TOP,7,0.015,57.14,3.296,356.2,19.29,LOW_N
15.3,Briar,브라이어,TOP,7,0.015,28.57,0.926,349.3,12.86,LOW_N
15.3,Kaisa,카이사,MID,7,0.015,42.86,1.849,417.5,17.29,LOW_N
15.3,Kassadin,카사딘,TOP,7,0.015,42.86,2.372,369.3,12.29,LOW_N
15.3,KogMaw,코그모,MID,7,0.015,42.86,2.27,417.5,19.29,LOW_N
15.3,MissFortune,미스 포츈,MID,7,0.015,71.43,3.078,455.0,21.29,LOW_N
15.3,MissFortune,미스 포츈,SUPPORT,7,0.015,57.14,2.692,339.6,75.43,LOW_N
15.3,Morgana,모르가나,MID,7,0.015,57.14,4.107,365.4,23.71,LOW_N
15.3,Nautilus,노틸러스,JUNGLE,7,0.015,42.86,5.738,328.8,27.14,LOW_N
15.3,TahmKench,탐 켄치,BOT,7,0.015,57.14,2.502,387.8,19.14,LOW_N
15.3,Veigar,베이가,TOP,7,0.015,42.86,2.624,410.3,17.71,LOW_N
15.3,Viktor,빅토르,TOP,7,0.015,85.71,2.857,396.8,20.71,LOW_N
15.3,AurelionSol,아우렐리온 솔,TOP,6,0.013,66.67,5.098,399.3,13.17,LOW_N
15.3,Elise,엘리스,TOP,6,0.013,66.67,3.157,411.0,16.83,LOW_N
15.3,FiddleSticks,FiddleSticks,MID,6,0.013,50.0,2.072,333.8,29.33,LOW_N
15.3,Garen,가렌,JUNGLE,6,0.013,66.67,5.133,439.7,20.67,LOW_N
15.3,LeeSin,리 신,TOP,6,0.013,83.33,3.307,450.3,17.67,LOW_N
15.3,Lissandra,리산드라,SUPPORT,6,0.013,50.0,2.328,313.4,62.5,LOW_N
15.3,Malphite,말파이트,JUNGLE,6,0.013,50.0,3.988,404.9,21.67,LOW_N
15.3,Nautilus,노틸러스,TOP,6,0.013,83.33,3.479,367.4,17.17,LOW_N
15.3,Sett,세트,MID,6,0.013,33.33,1.854,394.5,15.83,LOW_N
15.3,Sett,세트,SUPPORT,6,0.013,50.0,2.96,325.5,62.67,LOW_N
15.3,Sion,사이온,MID,6,0.013,50.0,2.061,419.6,18.0,LOW_N
15.3,Syndra,신드라,SUPPORT,6,0.013,66.67,2.229,302.3,45.83,LOW_N
15.3,Veigar,베이가,SUPPORT,6,0.013,66.67,2.129,349.8,64.17,LOW_N
15.3,Xerath,제라스,BOT,6,0.013,83.33,4.227,417.7,18.67,LOW_N
15.3,Zyra,자이라,BOT,6,0.013,50.0,3.218,392.5,22.17,LOW_N
15.3,Ahri,아리,TOP,5,0.011,40.0,2.426,413.4,22.4,LOW_N
15.3,Akshan,아크샨,BOT,5,0.011,60.0,1.984,421.6,25.0,LOW_N
15.3,Ezreal,이즈리얼,TOP,5,0.011,60.0,3.723,412.8,16.8,LOW_N
15.3,Fizz,피즈,TOP,5,0.011,60.0,3.727,427.9,22.2,LOW_N
15.3,JarvanIV,자르반 4세,TOP,5,0.011,40.0,4.966,417.8,13.6,LOW_N
15.3,Jhin,진,TOP,5,0.011,60.0,3.119,397.0,16.6,LOW_N
15.3,Katarina,카타리나,BOT,5,0.011,40.0,2.176,437.0,13.6,LOW_N
15.3,Lillia,릴리아,TOP,5,0.011,80.0,2.012,375.5,23.0,LOW_N
15.3,Neeko,니코,TOP,5,0.011,40.0,1.223,365.8,19.8,LOW_N
15.3,Nidalee,니달리,SUPPORT,5,0.011,80.0,2.787,319.1,50.8,LOW_N
15.3,Orianna,오리아나,SUPPORT,5,0.011,60.0,4.579,331.8,56.2,LOW_N
15.3,Ornn,오른,SUPPORT,5,0.011,40.0,2.199,304.3,50.0,LOW_N
15.3,Senna,세나,BOT,5,0.011,60.0,3.287,385.4,22.2,LOW_N
15.3,Singed,신지드,MID,5,0.011,40.0,2.962,385.7,17.8,LOW_N
15.3,Taliyah,탈리야,SUPPORT,5,0.011,40.0,2.057,337.8,46.0,LOW_N
15.3,Vayne,베인,MID,5,0.011,40.0,1.181,377.8,19.2,LOW_N
15.3,Vi,바이,TOP,5,0.011,60.0,2.025,412.6,13.4,LOW_N
15.3,Yorick,요릭,MID,5,0.011,40.0,3.925,411.2,14.8,LOW_N
15.3,Zac,자크,MID,5,0.011,60.0,4.567,401.7,19.8,LOW_N
15.3,Annie,애니,TOP,4,0.009,50.0,2.375,399.6,16.0,LOW_N
15.3,Darius,다리우스,MID,4,0.009,0.0,1.728,397.5,19.5,LOW_N
15.3,Diana,다이애나,TOP,4,0.009,50.0,2.574,452.0,13.75,LOW_N
15.3,Jax,잭스,MID,4,0.009,100.0,6.442,439.0,16.5,LOW_N
15.3,Jax,잭스,SUPPORT,4,0.009,75.0,1.973,357.0,54.75,LOW_N
15.3,Karma,카르마,JUNGLE,4,0.009,25.0,3.057,285.8,52.5,LOW_N
15.3,Katarina,카타리나,TOP,4,0.009,75.0,2.761,418.7,17.75,LOW_N
15.3,Kennen,케넨,SUPPORT,4,0.009,0.0,1.992,288.3,39.0,LOW_N
15.3,LeeSin,리 신,SUPPORT,4,0.009,25.0,2.214,324.2,53.75,LOW_N
15.3,Malzahar,말자하,BOT,4,0.009,25.0,1.367,412.8,15.5,LOW_N
15.3,Malzahar,말자하,SUPPORT,4,0.009,50.0,4.726,328.5,57.0,LOW_N
15.3,MasterYi,마스터 이,TOP,4,0.009,75.0,3.155,417.8,17.5,LOW_N
15.3,Mordekaiser,모데카이저,MID,4,0.009,50.0,1.707,386.6,20.5,LOW_N
15.3,Nocturne,녹턴,TOP,4,0.009,50.0,2.914,391.9,11.25,LOW_N
15.3,Riven,리븐,MID,4,0.009,50.0,2.719,483.0,14.25,LOW_N
15.3,Rumble,럼블,MID,4,0.009,75.0,2.53,391.8,14.5,LOW_N
15.3,Singed,신지드,JUNGLE,4,0.009,0.0,2.883,363.2,20.5,LOW_N
15.3,Twitch,트위치,TOP,4,0.009,25.0,1.296,390.1,13.5,LOW_N
15.3,Velkoz,벨코즈,TOP,4,0.009,75.0,2.03,401.7,19.25,LOW_N
15.3,Volibear,볼리베어,MID,4,0.009,50.0,1.432,372.5,14.25,LOW_N
15.3,Alistar,알리스타,TOP,3,0.006,100.0,5.422,428.3,15.67,LOW_N
15.3,Annie,애니,BOT,3,0.006,33.33,2.805,344.7,15.67,LOW_N
15.3,Aurora,오로라,BOT,3,0.006,66.67,3.767,432.4,21.67,LOW_N
15.3,Braum,브라움,TOP,3,0.006,33.33,1.173,299.8,12.33,LOW_N
15.3,Caitlyn,케이틀린,SUPPORT,3,0.006,66.67,2.342,346.3,49.67,LOW_N
15.3,Caitlyn,케이틀린,TOP,3,0.006,0.0,0.339,334.8,12.67,LOW_N
15.3,Camille,카밀,MID,3,0.006,66.67,2.711,442.7,13.67,LOW_N
15.3,Draven,드레이븐,MID,3,0.006,66.67,5.889,498.1,18.67,LOW_N
15.3,Draven,드레이븐,TOP,3,0.006,33.33,0.887,417.9,13.67,LOW_N
15.3,Gwen,그웬,MID,3,0.006,33.33,0.859,389.2,15.33,LOW_N
15.3,Heimerdinger,하이머딩거,SUPPORT,3,0.006,66.67,2.948,405.1,64.67,LOW_N
15.3,Karthus,카서스,MID,3,0.006,66.67,2.393,445.3,13.33,LOW_N
15.3,Leona,레오나,JUNGLE,3,0.006,33.33,1.943,263.4,55.67,LOW_N
15.3,Lucian,루시안,MID,3,0.006,100.0,5.263,447.7,10.33,LOW_N
15.3,Lulu,룰루,MID,3,0.006,66.67,8.667,352.2,23.67,LOW_N
15.3,MasterYi,마스터 이,MID,3,0.006,33.33,1.31,383.7,11.33,LOW_N
15.3,MonkeyKing,오공,SUPPORT,3,0.006,33.33,1.672,332.7,59.0,LOW_N
15.3,Naafiri,나피리,JUNGLE,3,0.006,33.33,3.067,398.6,29.0,LOW_N
15.3,Neeko,니코,JUNGLE,3,0.006,0.0,2.304,414.9,23.33,LOW_N
15.3,Nilah,닐라,TOP,3,0.006,66.67,2.12,530.3,10.67,LOW_N
15.3,Ornn,오른,MID,3,0.006,100.0,3.278,435.2,12.67,LOW_N
15.3,Pyke,파이크,JUNGLE,3,0.006,66.67,1.922,298.8,45.67,LOW_N
15.3,Pyke,파이크,MID,3,0.006,0.0,1.803,359.5,12.67,LOW_N
15.3,Quinn,퀸,BOT,3,0.006,66.67,3.032,444.4,21.0,LOW_N
15.3,Quinn,퀸,JUNGLE,3,0.006,66.67,3.311,455.9,27.67,LOW_N
15.3,Rammus,람머스,SUPPORT,3,0.006,66.67,6.067,323.6,44.33,LOW_N
15.3,Rumble,럼블,JUNGLE,3,0.006,33.33,1.608,370.2,23.67,LOW_N
15.3,Senna,세나,TOP,3,0.006,33.33,2.321,344.7,9.67,LOW_N
15.3,Shen,쉔,JUNGLE,3,0.006,100.0,4.75,384.8,21.67,LOW_N
15.3,Skarner,스카너,SUPPORT,3,0.006,0.0,1.67,276.5,52.67,LOW_N
15.3,Soraka,소라카,TOP,3,0.006,66.67,5.889,327.9,21.33,LOW_N
15.3,TahmKench,탐 켄치,MID,3,0.006,66.67,3.968,418.0,7.67,LOW_N
15.3,Teemo,티모,MID,3,0.006,33.33,3.444,402.5,13.67,LOW_N
15.3,Thresh,쓰레쉬,JUNGLE,3,0.006,100.0,7.742,297.8,81.0,LOW_N
15.3,Tristana,트리스타나,TOP,3,0.006,66.67,1.897,432.3,13.0,LOW_N
15.3,Urgot,우르곳,MID,3,0.006,66.67,7.143,505.1,22.0,LOW_N
15.3,Varus,바루스,SUPPORT,3,0.006,100.0,2.109,317.8,85.33,LOW_N
15.3,Vex,벡스,TOP,3,0.006,66.67,3.848,418.5,13.0,LOW_N
15.3,Yone,요네,BOT,3,0.006,66.67,1.819,411.5,10.0,LOW_N
15.3,Ziggs,직스,SUPPORT,3,0.006,33.33,1.346,337.2,44.67,LOW_N
15.3,Akshan,아크샨,SUPPORT,2,0.004,50.0,2.167,366.5,69.0,LOW_N
15.3,Anivia,애니비아,BOT,2,0.004,50.0,12.7,396.0,15.5,LOW_N
15.3,Aphelios,아펠리오스,MID,2,0.004,50.0,1.548,373.1,11.5,LOW_N
15.3,Bard,바드,JUNGLE,2,0.004,50.0,4.313,381.4,57.5,LOW_N
15.3,Darius,다리우스,SUPPORT,2,0.004,50.0,1.516,329.5,78.5,LOW_N
15.3,Diana,다이애나,BOT,2,0.004,50.0,2.097,436.9,18.5,LOW_N
15.3,Ekko,에코,SUPPORT,2,0.004,0.0,1.51,335.7,48.5,LOW_N
15.3,Evelynn,이블린,SUPPORT,2,0.004,0.0,1.536,302.3,38.0,LOW_N
15.3,Fiora,피오라,MID,2,0.004,50.0,2.333,453.8,16.5,LOW_N
15.3,Fizz,피즈,SUPPORT,2,0.004,0.0,2.107,331.5,51.5,LOW_N
15.3,Garen,가렌,BOT,2,0.004,50.0,3.167,433.6,21.0,LOW_N
15.3,Graves,그레이브즈,MID,2,0.004,50.0,6.773,462.0,21.5,LOW_N
15.3,Graves,그레이브즈,TOP,2,0.004,100.0,6.667,452.7,14.5,LOW_N
15.3,Illaoi,일라오이,MID,2,0.004,50.0,0.913,392.5,8.5,LOW_N
15.3,Ivern,아이번,TOP,2,0.004,50.0,3.778,343.0,15.5,LOW_N
15.3,Janna,잔나,TOP,2,0.004,50.0,9.7,323.1,24.5,LOW_N
15.3,JarvanIV,자르반 4세,MID,2,0.004,50.0,3.5,447.7,12.0,LOW_N
15.3,Karma,카르마,BOT,2,0.004,0.0,1.5,328.4,13.5,LOW_N
15.3,Kayle,케일,JUNGLE,2,0.004,50.0,2.6,428.0,19.0,LOW_N
15.3,Lucian,루시안,TOP,2,0.004,0.0,0.473,359.8,15.0,LOW_N
15.3,Lulu,룰루,TOP,2,0.004,50.0,2.25,316.7,18.0,LOW_N
15.3,Morgana,모르가나,TOP,2,0.004,50.0,1.444,381.8,23.0,LOW_N
15.3,Nunu,누누와 윌럼프,SUPPORT,2,0.004,100.0,2.569,454.0,65.5,LOW_N
15.3,Nunu,누누와 윌럼프,TOP,2,0.004,50.0,2.273,387.2,11.0,LOW_N
15.3,Orianna,오리아나,BOT,2,0.004,50.0,1.521,441.7,28.0,LOW_N
15.3,Orianna,오리아나,TOP,2,0.004,0.0,1.5,364.0,14.5,LOW_N
15.3,Rakan,라칸,MID,2,0.004,50.0,2.222,342.5,17.5,LOW_N
15.3,Rell,렐,JUNGLE,2,0.004,50.0,2.221,288.2,87.5,LOW_N
15.3,Rell,렐,TOP,2,0.004,0.0,0.951,300.5,11.5,LOW_N
15.3,Samira,사미라,MID,2,0.004,100.0,2.253,487.5,14.5,LOW_N
15.3,Shyvana,쉬바나,TOP,2,0.004,0.0,1.571,431.4,19.0,LOW_N
15.3,Sion,사이온,BOT,2,0.004,100.0,3.063,456.1,20.0,LOW_N
15.3,Sivir,시비르,TOP,2,0.004,50.0,1.925,438.4,12.0,LOW_N
15.3,Skarner,스카너,MID,2,0.004,100.0,3.614,380.9,12.5,LOW_N
15.3,Soraka,소라카,BOT,2,0.004,0.0,2.543,290.4,30.0,LOW_N
15.3,Syndra,신드라,TOP,2,0.004,0.0,1.75,406.3,12.5,LOW_N
15.3,TahmKench,탐 켄치,JUNGLE,2,0.004,100.0,4.25,353.9,18.5,LOW_N
15.3,Taliyah,탈리야,BOT,2,0.004,100.0,3.625,509.8,27.5,LOW_N
15.3,Talon,탈론,SUPPORT,2,0.004,50.0,1.598,306.8,40.0,LOW_N
15.3,Teemo,티모,BOT,2,0.004,0.0,1.054,387.8,22.5,LOW_N
15.3,Thresh,쓰레쉬,TOP,2,0.004,0.0,2.0,358.4,13.5,LOW_N
15.3,TwistedFate,트위스티드 페이트,BOT,2,0.004,0.0,1.186,407.3,9.5,LOW_N
15.3,Urgot,우르곳,JUNGLE,2,0.004,50.0,3.333,458.4,22.5,LOW_N
15.3,Viego,비에고,MID,2,0.004,100.0,8.0,473.9,12.0,LOW_N
15.3,Xerath,제라스,TOP,2,0.004,50.0,10.25,418.0,18.5,LOW_N
15.3,XinZhao,신 짜오,MID,2,0.004,0.0,0.424,281.5,6.5,LOW_N
15.3,XinZhao,신 짜오,SUPPORT,2,0.004,50.0,1.625,327.6,50.0,LOW_N
15.3,Yasuo,야스오,SUPPORT,2,0.004,100.0,2.167,351.9,48.5,LOW_N
15.3,Yuumi,유미,JUNGLE,2,0.004,0.0,2.417,304.0,28.0,LOW_N
15.3,Zeri,제리,MID,2,0.004,50.0,2.508,443.2,17.5,LOW_N
15.3,Zeri,제리,TOP,2,0.004,0.0,0.975,403.3,16.5,LOW_N
15.3,Ahri,아리,SUPPORT,1,0.002,0.0,1.5,316.2,62.0,LOW_N
15.3,Akshan,아크샨,JUNGLE,1,0.002,100.0,2.571,550.4,6.0,LOW_N
15.3,Ambessa,암베사,BOT,1,0.002,100.0,9.5,392.1,19.0,LOW_N
15.3,Amumu,아무무,TOP,1,0.002,100.0,17.0,414.0,11.0,LOW_N
15.3,Anivia,애니비아,JUNGLE,1,0.002,0.0,0.545,282.7,11.0,LOW_N
15.3,AurelionSol,아우렐리온 솔,BOT,1,0.002,100.0,2.0,417.8,15.0,LOW_N
15.3,Aurora,오로라,SUPPORT,1,0.002,100.0,4.0,397.3,28.0,LOW_N
15.3,Azir,아지르,SUPPORT,1,0.002,0.0,1.9,318.6,87.0,LOW_N
15.3,Bard,바드,MID,1,0.002,0.0,0.667,331.8,10.0,LOW_N
15.3,Blitzcrank,블리츠크랭크,BOT,1,0.002,0.0,0.333,254.0,10.0,LOW_N
15.3,Briar,브라이어,MID,1,0.002,100.0,3.8,573.2,13.0,LOW_N
15.3,Camille,카밀,JUNGLE,1,0.002,0.0,0.4,281.0,13.0,LOW_N
15.3,Cassiopeia,카시오페아,SUPPORT,1,0.002,0.0,0.571,264.0,21.0,LOW_N
15.3,Chogath,초가스,BOT,1,0.002,0.0,1.0,353.2,8.0,LOW_N
15.3,DrMundo,문도 박사,MID,1,0.002,0.0,0.0,317.7,6.0,LOW_N
15.3,Elise,엘리스,BOT,1,0.002,0.0,2.333,365.0,8.0,LOW_N
15.3,Ezreal,이즈리얼,SUPPORT,1,0.002,0.0,0.833,258.7,59.0,LOW_N
15.3,Fiora,피오라,BOT,1,0.002,0.0,1.0,359.9,24.0,LOW_N
15.3,Fiora,피오라,SUPPORT,1,0.002,100.0,2.25,363.5,55.0,LOW_N
15.3,Fizz,피즈,JUNGLE,1,0.002,0.0,1.25,347.7,23.0,LOW_N
15.3,Gnar,나르,BOT,1,0.002,100.0,5.167,492.7,15.0,LOW_N
15.3,Gnar,나르,MID,1,0.002,0.0,0.75,369.0,17.0,LOW_N
15.3,Gnar,나르,SUPPORT,1,0.002,100.0,1.3,297.2,48.0,LOW_N
15.3,Graves,그레이브즈,SUPPORT,1,0.002,0.0,2.375,332.7,67.0,LOW_N
15.3,Hecarim,헤카림,SUPPORT,1,0.002,0.0,0.455,243.2,38.0,LOW_N
15.3,Heimerdinger,하이머딩거,JUNGLE,1,0.002,0.0,1.0,316.8,14.0,LOW_N
15.3,Irelia,이렐리아,BOT,1,0.002,100.0,4.0,581.7,12.0,LOW_N
15.3,Janna,잔나,JUNGLE,1,0.002,0.0,1.2,312.6,39.0,LOW_N
15.3,Jax,잭스,BOT,1,0.002,100.0,3.667,428.4,8.0,LOW_N
15.3,Jinx,징크스,JUNGLE,1,0.002,0.0,1.3,333.8,15.0,LOW_N
15.3,Jinx,징크스,MID,1,0.002,0.0,0.75,426.6,10.0,LOW_N
15.3,KSante,크산테,BOT,1,0.002,0.0,0.429,337.0,14.0,LOW_N
15.3,Kalista,칼리스타,MID,1,0.002,0.0,3.2,606.2,26.0,LOW_N
15.3,Kalista,칼리스타,TOP,1,0.002,100.0,1.0,379.5,20.0,LOW_N
15.3,Katarina,카타리나,SUPPORT,1,0.002,0.0,1.125,333.7,21.0,LOW_N
15.3,Kindred,킨드레드,BOT,1,0.002,0.0,1.125,383.5,16.0,LOW_N
15.3,Kindred,킨드레드,MID,1,0.002,100.0,5.75,590.3,21.0,LOW_N
15.3,Kled,클레드,SUPPORT,1,0.002,0.0,1.6,394.3,35.0,LOW_N
15.3,LeeSin,리 신,MID,1,0.002,100.0,9.0,441.1,20.0,LOW_N
15.3,Leona,레오나,BOT,1,0.002,100.0,2.667,299.6,50.0,LOW_N
15.3,Leona,레오나,MID,1,0.002,100.0,2.0,322.1,29.0,LOW_N
15.3,Lissandra,리산드라,BOT,1,0.002,100.0,3.667,345.2,31.0,LOW_N
15.3,Lux,럭스,JUNGLE,1,0.002,0.0,2.556,381.9,22.0,LOW_N
15.3,Malzahar,말자하,JUNGLE,1,0.002,0.0,0.273,316.0,13.0,LOW_N
15.3,Mel,멜,JUNGLE,1,0.002,0.0,2.0,379.3,17.0,LOW_N
15.3,Milio,밀리오,TOP,1,0.002,100.0,3.4,336.0,36.0,LOW_N
15.3,MissFortune,미스 포츈,JUNGLE,1,0.002,100.0,1.5,342.2,8.0,LOW_N
15.3,MissFortune,미스 포츈,TOP,1,0.002,0.0,3.0,489.8,16.0,LOW_N
15.3,MonkeyKing,오공,BOT,1,0.002,0.0,3.25,402.5,15.0,LOW_N
15.3,Mordekaiser,모데카이저,SUPPORT,1,0.002,100.0,1.667,297.9,61.0,LOW_N
15.3,Morgana,모르가나,BOT,1,0.002,100.0,5.25,467.1,23.0,LOW_N
15.3,Naafiri,나피리,SUPPORT,1,0.002,0.0,1.429,287.4,72.0,LOW_N
15.3,Nami,나미,BOT,1,0.002,0.0,1.5,211.4,58.0,LOW_N
15.3,Nami,나미,JUNGLE,1,0.002,0.0,1.625,256.8,56.0,LOW_N
15.3,Nautilus,노틸러스,MID,1,0.002,100.0,2.625,384.6,23.0,LOW_N
15.3,Nidalee,니달리,BOT,1,0.002,100.0,3.4,491.2,19.0,LOW_N
15.3,Pantheon,판테온,BOT,1,0.002,100.0,12.5,549.9,11.0,LOW_N
15.3,Qiyana,키아나,TOP,1,0.002,100.0,4.0,456.3,24.0,LOW_N
15.3,RekSai,렉사이,SUPPORT,1,0.002,0.0,1.182,295.0,76.0,LOW_N
15.3,RekSai,렉사이,TOP,1,0.002,0.0,2.286,423.4,22.0,LOW_N
15.3,Renekton,레넥톤,BOT,1,0.002,0.0,0.385,330.1,12.0,LOW_N
15.3,Rengar,렝가,BOT,1,0.002,100.0,3.5,502.5,2.0,LOW_N
15.3,Sejuani,세주아니,BOT,1,0.002,0.0,1.571,271.9,60.0,LOW_N
15.3,Senna,세나,JUNGLE,1,0.002,100.0,9.0,397.8,43.0,LOW_N
15.3,Senna,세나,MID,1,0.002,100.0,3.0,383.9,20.0,LOW_N
15.3,Sett,세트,JUNGLE,1,0.002,100.0,2.8,448.1,20.0,LOW_N
15.3,Shen,쉔,BOT,1,0.002,100.0,4.6,468.1,18.0,LOW_N
15.3,Singed,신지드,BOT,1,0.002,0.0,2.111,412.7,19.0,LOW_N
15.3,Sivir,시비르,MID,1,0.002,0.0,0.786,365.6,15.0,LOW_N
15.3,Soraka,소라카,JUNGLE,1,0.002,0.0,0.778,262.8,78.0,LOW_N
15.3,Swain,스웨인,JUNGLE,1,0.002,100.0,1.636,361.3,77.0,LOW_N
15.3,Sylas,사일러스,BOT,1,0.002,100.0,3.4,374.3,19.0,LOW_N
15.3,Taliyah,탈리야,TOP,1,0.002,100.0,1.875,410.5,22.0,LOW_N
15.3,Talon,탈론,TOP,1,0.002,100.0,5.667,441.8,20.0,LOW_N
15.3,Taric,타릭,MID,1,0.002,0.0,1.75,270.6,28.0,LOW_N
15.3,Taric,타릭,TOP,1,0.002,0.0,1.2,274.4,24.0,LOW_N
15.3,Thresh,쓰레쉬,BOT,1,0.002,0.0,2.0,287.5,82.0,LOW_N
15.3,Thresh,쓰레쉬,MID,1,0.002,0.0,1.125,346.0,13.0,LOW_N
15.3,Trundle,트런들,MID,1,0.002,0.0,0.125,364.7,14.0,LOW_N
15.3,TwistedFate,트위스티드 페이트,TOP,1,0.002,0.0,0.75,283.3,3.0,LOW_N
15.3,Urgot,우르곳,BOT,1,0.002,100.0,4.4,492.2,13.0,LOW_N
15.3,Urgot,우르곳,SUPPORT,1,0.002,0.0,1.0,304.0,100.0,LOW_N
15.3,Vayne,베인,JUNGLE,1,0.002,100.0,11.0,456.6,31.0,LOW_N
15.3,Velkoz,벨코즈,JUNGLE,1,0.002,0.0,2.556,377.3,81.0,LOW_N
15.3,Vex,벡스,SUPPORT,1,0.002,100.0,4.4,425.4,40.0,LOW_N
15.3,Vi,바이,SUPPORT,1,0.002,100.0,3.143,397.1,130.0,LOW_N
15.3,Viego,비에고,SUPPORT,1,0.002,0.0,1.333,324.4,69.0,LOW_N
15.3,Vladimir,블라디미르,BOT,1,0.002,100.0,1.143,391.4,13.0,LOW_N
15.3,Volibear,볼리베어,BOT,1,0.002,100.0,1.429,346.1,14.0,LOW_N
15.3,Volibear,볼리베어,SUPPORT,1,0.002,0.0,1.385,354.1,28.0,LOW_N
15.3,Yone,요네,SUPPORT,1,0.002,0.0,0.6,281.2,17.0,LOW_N
15.3,Zeri,제리,JUNGLE,1,0.002,100.0,2.875,503.1,22.0,LOW_N
15.3,Zoe,조이,BOT,1,0.002,100.0,2.5,430.1,6.0,LOW_N
15.3,Zyra,자이라,TOP,1,0.002,0.0,0.833,345.1,16.0,LOW_N
