patch,role,champion_name,pick_count,pick_rate_pct,win_rate_pct,wilson_low_pct,pop_quartile,flag
15.1,BOT,Kaisa,70,0.734,57.14,45.48,4,NERF
15.1,BOT,Ashe,60,0.629,56.67,44.1,4,NERF
15.1,BOT,Vayne,87,0.912,56.32,45.85,4,NERF
15.1,BOT,Jhin,153,1.603,56.21,48.29,4,NERF
15.1,BOT,Lucian,58,0.608,55.17,42.45,4,NERF
15.1,BOT,Draven,79,0.828,53.16,42.27,4,NERF
15.1,BOT,Veigar,22,0.231,68.18,47.32,3,
15.1,BOT,Nilah,19,0.199,63.16,41.04,3,
15.1,BOT,Lux,17,0.178,58.82,36.01,3,
15.1,BOT,Aphelios,39,0.409,53.85,38.57,3,
15.1,BOT,Ezreal,148,1.551,51.35,43.37,4,
15.1,BOT,MissFortune,157,1.645,50.32,42.58,4,
15.1,BOT,Smolder,30,0.314,50.0,33.15,3,
15.1,BOT,Jinx,204,2.138,49.51,42.72,4,
15.1,BOT,Caitlyn,176,1.844,49.43,42.14,4,
15.1,BOT,Varus,47,0.493,48.94,35.28,4,
15.1,BOT,Sivir,45,0.472,48.89,34.96,4,
15.1,BOT,Corki,86,0.901,48.84,38.55,4,
15.1,BOT,KogMaw,19,0.199,47.37,27.33,3,
15.1,BOT,Samira,58,0.608,44.83,32.75,4,
15.1,BOT,Tristana,24,0.251,41.67,24.47,3,
15.1,BOT,Twitch,110,1.153,39.09,30.49,4,
15.1,BOT,Karthus,16,0.168,37.5,18.48,3,
15.1,BOT,Viktor,19,0.199,36.84,19.15,3,
15.1,BOT,Zeri,23,0.241,34.78,18.81,3,
15.1,BOT,Kalista,32,0.335,34.38,20.41,3,
15.1,BOT,Xayah,40,0.419,30.0,18.07,3,
15.1,BOT,Ambessa,1,0.01,100.0,20.65,1,LOW_N
15.1,BOT,Annie,1,0.01,100.0,20.65,1,LOW_N
15.1,BOT,Aurora,1,0.01,100.0,20.65,1,LOW_N
15.1,BOT,Gragas,1,0.01,100.0,20.65,1,LOW_N
15.1,BOT,Ivern,1,0.01,100.0,20.65,1,LOW_N
15.1,BOT,Leblanc,1,0.01,100.0,20.65,1,LOW_N
15.1,BOT,Malzahar,1,0.01,100.0,20.65,1,LOW_N
15.1,BOT,Morgana,1,0.01,100.0,20.65,1,LOW_N
15.1,BOT,Naafiri,1,0.01,100.0,20.65,1,LOW_N
15.1,BOT,Nami,1,0.01,100.0,20.65,1,LOW_N
15.1,BOT,Olaf,1,0.01,100.0,20.65,2,LOW_N
15.1,BOT,Quinn,1,0.01,100.0,20.65,2,LOW_N
15.1,BOT,Senna,1,0.01,100.0,20.65,2,LOW_N
15.1,BOT,TahmKench,1,0.01,100.0,20.65,2,LOW_N
15.1,BOT,Velkoz,1,0.01,100.0,20.65,2,LOW_N
15.1,BOT,Vladimir,1,0.01,100.0,20.65,2,LOW_N
15.1,BOT,Yorick,1,0.01,100.0,20.65,2,LOW_N
15.1,BOT,Zoe,1,0.01,100.0,20.65,2,LOW_N
15.1,BOT,Syndra,5,0.052,80.0,37.55,2,LOW_N
15.1,BOT,Yasuo,6,0.063,50.0,18.76,2,LOW_N
15.1,BOT,Swain,10,0.105,50.0,23.66,3,LOW_N
15.1,BOT,Hwei,13,0.136,46.15,23.21,3,LOW_N
15.1,BOT,Brand,7,0.073,42.86,15.82,2,LOW_N
15.1,BOT,Seraphine,13,0.136,38.46,17.71,3,LOW_N
15.1,BOT,Cassiopeia,9,0.094,33.33,12.06,2,LOW_N
15.1,BOT,Ziggs,9,0.094,33.33,12.06,2,LOW_N
15.1,BOT,Akshan,1,0.01,0.0,0.0,1,LOW_N
15.1,BOT,AurelionSol,1,0.01,0.0,0.0,1,LOW_N
15.1,BOT,Briar,1,0.01,0.0,0.0,1,LOW_N
15.1,BOT,Garen,1,0.01,0.0,0.0,1,LOW_N
15.1,BOT,Heimerdinger,1,0.01,0.0,0.0,1,LOW_N
15.1,BOT,Malphite,1,0.01,0.0,0.0,1,LOW_N
15.1,BOT,Taliyah,1,0.01,0.0,0.0,2,LOW_N
15.1,BOT,Zyra,1,0.01,0.0,0.0,2,LOW_N
15.1,BOT,Sion,2,0.021,0.0,0.0,2,LOW_N
15.1,JUNGLE,LeeSin,77,0.807,55.84,44.74,4,NERF
15.1,JUNGLE,Skarner,53,0.555,54.72,41.45,4,NERF
15.1,JUNGLE,MonkeyKing,139,1.457,53.24,44.97,4,NERF
15.1,JUNGLE,Vi,55,0.576,52.73,39.79,4,NERF
15.1,JUNGLE,Nocturne,75,0.786,52.0,40.87,4,NERF
15.1,JUNGLE,Warwick,26,0.272,73.08,53.92,3,BUFF_HIDDEN_STRONG
15.1,JUNGLE,Nunu,37,0.388,64.86,48.76,3,
15.1,JUNGLE,Talon,33,0.346,63.64,46.62,3,
15.1,JUNGLE,Gwen,16,0.168,62.5,38.64,2,
15.1,JUNGLE,Shaco,36,0.377,55.56,39.58,3,
15.1,JUNGLE,Belveth,26,0.272,53.85,35.46,3,
15.1,JUNGLE,Sejuani,23,0.241,52.17,32.96,3,
15.1,JUNGLE,Kindred,29,0.304,51.72,34.43,3,
15.1,JUNGLE,MasterYi,41,0.43,51.22,36.48,4,
15.1,JUNGLE,Graves,34,0.356,50.0,34.07,3,
15.1,JUNGLE,Zac,44,0.461,50.0,35.83,4,
15.1,JUNGLE,JarvanIV,85,0.891,49.41,39.04,4,
15.1,JUNGLE,Viego,171,1.792,49.12,41.73,4,
15.1,JUNGLE,Kayn,68,0.713,48.53,37.05,4,
15.1,JUNGLE,FiddleSticks,23,0.241,47.83,29.24,3,
15.1,JUNGLE,Briar,21,0.22,47.62,28.34,3,
15.1,JUNGLE,RekSai,19,0.199,47.37,27.33,2,
15.1,JUNGLE,Khazix,43,0.451,46.51,32.51,4,
15.1,JUNGLE,Diana,63,0.66,46.03,34.31,4,
15.1,JUNGLE,Ekko,24,0.251,45.83,27.89,3,
15.1,JUNGLE,Hecarim,96,1.006,45.83,36.22,4,
15.1,JUNGLE,Volibear,22,0.231,45.45,26.92,3,
15.1,JUNGLE,Rengar,49,0.513,44.9,31.85,4,
15.1,JUNGLE,Evelynn,25,0.262,44.0,26.67,3,
15.1,JUNGLE,Amumu,68,0.713,42.65,31.6,4,
15.1,JUNGLE,Elise,31,0.325,41.94,26.42,3,
15.1,JUNGLE,Lillia,24,0.251,41.67,24.47,3,
15.1,JUNGLE,Udyr,22,0.231,40.91,23.26,3,
15.1,JUNGLE,Nidalee,19,0.199,36.84,19.15,2,
15.1,JUNGLE,Karthus,41,0.43,36.59,23.59,4,
15.1,JUNGLE,XinZhao,36,0.377,30.56,18.0,3,
15.1,JUNGLE,Ashe,1,0.01,100.0,20.65,1,LOW_N
15.1,JUNGLE,Darius,1,0.01,100.0,20.65,1,LOW_N
15.1,JUNGLE,Malphite,1,0.01,100.0,20.65,1,LOW_N
15.1,JUNGLE,Nasus,1,0.01,100.0,20.65,1,LOW_N
15.1,JUNGLE,Olaf,1,0.01,100.0,20.65,1,LOW_N
15.1,JUNGLE,Riven,1,0.01,100.0,20.65,1,LOW_N
15.1,JUNGLE,Yuumi,1,0.01,100.0,20.65,1,LOW_N
15.1,JUNGLE,Mordekaiser,2,0.021,100.0,34.24,1,LOW_N
15.1,JUNGLE,Taliyah,2,0.021,100.0,34.24,1,LOW_N
15.1,JUNGLE,Sylas,6,0.063,83.33,43.65,2,LOW_N
15.1,JUNGLE,DrMundo,4,0.042,75.0,30.06,2,LOW_N
15.1,JUNGLE,Maokai,4,0.042,75.0,30.06,2,LOW_N
15.1,JUNGLE,Qiyana,4,0.042,75.0,30.06,2,LOW_N
15.1,JUNGLE,Morgana,3,0.031,66.67,20.77,1,LOW_N
15.1,JUNGLE,Yorick,3,0.031,66.67,20.77,1,LOW_N
15.1,JUNGLE,Shyvana,12,0.126,66.67,39.06,2,LOW_N
15.1,JUNGLE,Zed,13,0.136,61.54,35.52,2,LOW_N
15.1,JUNGLE,Ambessa,9,0.094,55.56,26.66,2,LOW_N
15.1,JUNGLE,Aatrox,2,0.021,50.0,9.45,1,LOW_N
15.1,JUNGLE,Poppy,2,0.021,50.0,9.45,1,LOW_N
15.1,JUNGLE,Rammus,8,0.084,50.0,21.52,2,LOW_N
15.1,JUNGLE,Gragas,10,0.105,50.0,23.66,2,LOW_N
15.1,JUNGLE,Ivern,10,0.105,50.0,23.66,2,LOW_N
15.1,JUNGLE,Teemo,5,0.052,40.0,11.76,2,LOW_N
15.1,JUNGLE,Pantheon,10,0.105,40.0,16.82,2,LOW_N
15.1,JUNGLE,Naafiri,3,0.031,33.33,6.15,1,LOW_N
15.1,JUNGLE,Brand,6,0.063,33.33,9.68,2,LOW_N
15.1,JUNGLE,Zyra,5,0.052,20.0,3.62,2,LOW_N
15.1,JUNGLE,Lulu,1,0.01,0.0,0.0,1,LOW_N
15.1,JUNGLE,Smolder,1,0.01,0.0,0.0,1,LOW_N
15.1,JUNGLE,Rumble,2,0.021,0.0,0.0,1,LOW_N
15.1,MID,Leblanc,31,0.325,61.29,43.82,4,NERF
15.1,MID,Cassiopeia,45,0.472,57.78,43.3,4,NERF
15.1,MID,Galio,42,0.44,57.14,42.21,4,NERF
15.1,MID,Veigar,42,0.44,57.14,42.21,4,NERF
15.1,MID,Sylas,84,0.88,57.14,46.48,4,NERF
15.1,MID,Malzahar,58,0.608,55.17,42.45,4,NERF
15.1,MID,Lux,68,0.713,52.94,41.24,4,NERF
15.1,MID,Swain,21,0.22,80.95,60.0,3,BUFF_HIDDEN_STRONG
15.1,MID,Velkoz,20,0.21,55.0,34.21,3,
15.1,MID,TwistedFate,17,0.178,52.94,30.96,3,
15.1,MID,Zoe,25,0.262,52.0,33.5,3,
15.1,MID,Kayle,27,0.283,51.85,33.99,3,
15.1,MID,Qiyana,27,0.283,51.85,33.99,4,
15.1,MID,Viktor,145,1.519,51.72,43.65,4,
15.1,MID,Zed,33,0.346,51.52,35.22,4,
15.1,MID,Orianna,49,0.513,51.02,37.47,4,
15.1,MID,Vex,18,0.189,50.0,29.03,3,
15.1,MID,Diana,27,0.283,48.15,30.74,3,
15.1,MID,Anivia,25,0.262,48.0,30.03,3,
15.1,MID,Hwei,48,0.503,47.92,34.47,4,
15.1,MID,Yasuo,46,0.482,47.83,34.12,4,
15.1,MID,Kassadin,40,0.419,47.5,32.94,4,
15.1,MID,Katarina,106,1.111,47.17,37.93,4,
15.1,MID,Ryze,17,0.178,47.06,26.16,3,
15.1,MID,Aurora,51,0.534,47.06,34.05,4,
15.1,MID,Yone,51,0.534,45.1,32.27,4,
15.1,MID,Akali,38,0.398,44.74,30.15,4,
15.1,MID,Vladimir,88,0.922,44.32,34.39,4,
15.1,MID,Syndra,104,1.09,44.23,35.06,4,
15.1,MID,Lissandra,54,0.566,42.59,30.33,4,
15.1,MID,Ahri,70,0.734,41.43,30.63,4,
15.1,MID,Xerath,46,0.482,41.3,28.29,4,
15.1,MID,Talon,15,0.157,40.0,19.82,3,
15.1,MID,AurelionSol,28,0.293,39.29,23.57,4,
15.1,MID,Akshan,31,0.325,38.71,23.73,4,
15.1,MID,Irelia,26,0.272,38.46,22.43,3,
15.1,MID,Fizz,15,0.157,26.67,10.9,3,
15.1,MID,Aatrox,1,0.01,100.0,20.65,1,LOW_N
15.1,MID,Camille,1,0.01,100.0,20.65,1,LOW_N
15.1,MID,FiddleSticks,1,0.01,100.0,20.65,1,LOW_N
15.1,MID,Gangplank,1,0.01,100.0,20.65,1,LOW_N
15.1,MID,Illaoi,1,0.01,100.0,20.65,1,LOW_N
15.1,MID,Kaisa,1,0.01,100.0,20.65,1,LOW_N
15.1,MID,Khazix,1,0.01,100.0,20.65,1,LOW_N
15.1,MID,Kled,1,0.01,100.0,20.65,1,LOW_N
15.1,MID,Nasus,1,0.01,100.0,20.65,1,LOW_N
15.1,MID,Olaf,1,0.01,100.0,20.65,1,LOW_N
15.1,MID,Pyke,1,0.01,100.0,20.65,1,LOW_N
15.1,MID,Sion,1,0.01,100.0,20.65,1,LOW_N
15.1,MID,Sivir,1,0.01,100.0,20.65,1,LOW_N
15.1,MID,Taric,1,0.01,100.0,20.65,1,LOW_N
15.1,MID,Twitch,1,0.01,100.0,20.65,1,LOW_N
15.1,MID,Udyr,1,0.01,100.0,20.65,1,LOW_N
15.1,MID,Urgot,1,0.01,100.0,20.65,1,LOW_N
15.1,MID,Vayne,1,0.01,100.0,20.65,1,LOW_N
15.1,MID,Viego,1,0.01,100.0,20.65,1,LOW_N
15.1,MID,Caitlyn,2,0.021,100.0,34.24,2,LOW_N
15.1,MID,Shyvana,2,0.021,100.0,34.24,2,LOW_N
15.1,MID,Warwick,2,0.021,100.0,34.24,2,LOW_N
15.1,MID,Morgana,3,0.031,100.0,43.85,2,LOW_N
15.1,MID,Pantheon,3,0.031,100.0,43.85,2,LOW_N
15.1,MID,Kennen,5,0.052,80.0,37.55,2,LOW_N
15.1,MID,KogMaw,3,0.031,66.67,20.77,2,LOW_N
15.1,MID,Tryndamere,3,0.031,66.67,20.77,2,LOW_N
15.1,MID,Seraphine,6,0.063,66.67,30.0,3,LOW_N
15.1,MID,Riven,10,0.105,60.0,31.27,3,LOW_N
15.1,MID,Karma,7,0.073,57.14,25.05,3,LOW_N
15.1,MID,Gwen,9,0.094,55.56,26.66,3,LOW_N
15.1,MID,Taliyah,11,0.115,54.55,28.01,3,LOW_N
15.1,MID,Brand,2,0.021,50.0,9.45,2,LOW_N
15.1,MID,Heimerdinger,2,0.021,50.0,9.45,2,LOW_N
15.1,MID,Sett,2,0.021,50.0,9.45,2,LOW_N
15.1,MID,Tristana,2,0.021,50.0,9.45,2,LOW_N
15.1,MID,Varus,2,0.021,50.0,9.45,2,LOW_N
15.1,MID,Yorick,2,0.021,50.0,9.45,2,LOW_N
15.1,MID,Jhin,4,0.042,50.0,15.0,2,LOW_N
15.1,MID,Chogath,6,0.063,50.0,18.76,2,LOW_N
15.1,MID,Garen,6,0.063,50.0,18.76,2,LOW_N
15.1,MID,Jayce,14,0.147,50.0,26.8,3,LOW_N
15.1,MID,Corki,13,0.136,46.15,23.21,3,LOW_N
15.1,MID,Ziggs,7,0.073,42.86,15.82,3,LOW_N
15.1,MID,Malphite,8,0.084,37.5,13.68,3,LOW_N
15.1,MID,Gragas,3,0.031,33.33,6.15,2,LOW_N
15.1,MID,TahmKench,3,0.031,33.33,6.15,2,LOW_N
15.1,MID,Zilean,3,0.031,33.33,6.15,2,LOW_N
15.1,MID,Naafiri,6,0.063,33.33,9.68,2,LOW_N
15.1,MID,Azir,7,0.073,28.57,8.22,3,LOW_N
15.1,MID,Ekko,14,0.147,28.57,11.72,3,LOW_N
15.1,MID,Annie,11,0.115,27.27,9.75,3,LOW_N
15.1,MID,Ambessa,4,0.042,25.0,4.56,2,LOW_N
15.1,MID,Neeko,4,0.042,25.0,4.56,2,LOW_N
15.1,MID,Smolder,8,0.084,25.0,7.15,3,LOW_N
15.1,MID,DrMundo,1,0.01,0.0,0.0,1,LOW_N
15.1,MID,Mordekaiser,1,0.01,0.0,0.0,1,LOW_N
15.1,MID,Nunu,1,0.01,0.0,0.0,1,LOW_N
15.1,MID,Renekton,1,0.01,0.0,0.0,1,LOW_N
15.1,MID,Shen,1,0.01,0.0,0.0,1,LOW_N
15.1,MID,Soraka,1,0.01,0.0,0.0,1,LOW_N
15.1,MID,Zac,1,0.01,0.0,0.0,1,LOW_N
15.1,MID,Singed,2,0.021,0.0,0.0,2,LOW_N
15.1,MID,Volibear,2,0.021,0.0,0.0,2,LOW_N
15.1,MID,MonkeyKing,3,0.031,0.0,0.0,2,LOW_N
15.1,SUPPORT,Milio,82,0.859,59.76,48.94,4,NERF
15.1,SUPPORT,Senna,50,0.524,58.0,44.23,4,NERF
15.1,SUPPORT,Braum,71,0.744,57.75,46.15,4,NERF
15.1,SUPPORT,TahmKench,42,0.44,54.76,39.95,4,NERF
15.1,SUPPORT,Zilean,36,0.377,52.78,37.01,4,NERF
15.1,SUPPORT,Lulu,213,2.232,52.11,45.43,4,NERF
15.1,SUPPORT,Maokai,32,0.335,71.88,54.63,3,BUFF_HIDDEN_STRONG
15.1,SUPPORT,Xerath,30,0.314,63.33,45.51,3,
15.1,SUPPORT,Elise,28,0.293,53.57,35.81,3,
15.1,SUPPORT,Blitzcrank,47,0.493,51.06,37.24,4,
15.1,SUPPORT,Nautilus,63,0.66,50.79,38.76,4,
15.1,SUPPORT,Rell,65,0.681,50.77,38.92,4,
15.1,SUPPORT,Leona,65,0.681,49.23,37.46,4,
15.1,SUPPORT,Karma,86,0.901,48.84,38.55,4,
15.1,SUPPORT,Velkoz,35,0.367,48.57,32.99,3,
15.1,SUPPORT,Nami,142,1.488,47.89,39.84,4,
15.1,SUPPORT,Renata,17,0.178,47.06,26.16,3,
15.1,SUPPORT,Poppy,26,0.272,46.15,28.76,3,
15.1,SUPPORT,Janna,119,1.247,45.38,36.72,4,
15.1,SUPPORT,Seraphine,31,0.325,45.16,29.16,3,
15.1,SUPPORT,Rakan,29,0.304,44.83,28.41,3,
15.1,SUPPORT,Sona,32,0.335,43.75,28.17,3,
15.1,SUPPORT,Soraka,50,0.524,42.0,29.37,4,
15.1,SUPPORT,Thresh,93,0.975,41.94,32.42,4,
15.1,SUPPORT,Lux,49,0.513,40.82,28.22,4,
15.1,SUPPORT,Morgana,27,0.283,40.74,24.51,3,
15.1,SUPPORT,Brand,15,0.157,40.0,19.82,3,
15.1,SUPPORT,Bard,26,0.272,38.46,22.43,3,
15.1,SUPPORT,Zyra,32,0.335,37.5,22.93,3,
15.1,SUPPORT,Yuumi,52,0.545,36.54,24.8,4,
15.1,SUPPORT,Alistar,33,0.346,36.36,22.19,3,
15.1,SUPPORT,Pyke,51,0.534,33.33,21.97,4,
15.1,SUPPORT,Gragas,1,0.01,100.0,20.65,1,LOW_N
15.1,SUPPORT,Hwei,1,0.01,100.0,20.65,1,LOW_N
15.1,SUPPORT,Malzahar,1,0.01,100.0,20.65,1,LOW_N
15.1,SUPPORT,MonkeyKing,1,0.01,100.0,20.65,1,LOW_N
15.1,SUPPORT,Nasus,1,0.01,100.0,20.65,1,LOW_N
15.1,SUPPORT,Qiyana,1,0.01,100.0,20.65,1,LOW_N
15.1,SUPPORT,Syndra,1,0.01,100.0,20.65,1,LOW_N
15.1,SUPPORT,Twitch,2,0.021,100.0,34.24,2,LOW_N
15.1,SUPPORT,Teemo,3,0.031,100.0,43.85,2,LOW_N
15.1,SUPPORT,FiddleSticks,6,0.063,66.67,30.0,2,LOW_N
15.1,SUPPORT,Neeko,12,0.126,58.33,31.95,3,LOW_N
15.1,SUPPORT,Ivern,2,0.021,50.0,9.45,2,LOW_N
15.1,SUPPORT,LeeSin,2,0.021,50.0,9.45,2,LOW_N
15.1,SUPPORT,Lissandra,2,0.021,50.0,9.45,2,LOW_N
15.1,SUPPORT,MissFortune,2,0.021,50.0,9.45,2,LOW_N
15.1,SUPPORT,Nunu,2,0.021,50.0,9.45,2,LOW_N
15.1,SUPPORT,Shaco,6,0.063,50.0,18.76,2,LOW_N
15.1,SUPPORT,Swain,10,0.105,50.0,23.66,3,LOW_N
15.1,SUPPORT,Zoe,13,0.136,46.15,23.21,3,LOW_N
15.1,SUPPORT,Pantheon,11,0.115,45.45,21.27,3,LOW_N
15.1,SUPPORT,Taric,11,0.115,45.45,21.27,3,LOW_N
15.1,SUPPORT,Sylas,9,0.094,44.44,18.88,2,LOW_N
15.1,SUPPORT,Camille,5,0.052,40.0,11.76,2,LOW_N
15.1,SUPPORT,Malphite,3,0.031,33.33,6.15,2,LOW_N
15.1,SUPPORT,Galio,7,0.073,28.57,8.22,2,LOW_N
15.1,SUPPORT,Shen,4,0.042,25.0,4.56,2,LOW_N
15.1,SUPPORT,Amumu,1,0.01,0.0,0.0,1,LOW_N
15.1,SUPPORT,Ashe,1,0.01,0.0,0.0,1,LOW_N
15.1,SUPPORT,Ekko,1,0.01,0.0,0.0,1,LOW_N
15.1,SUPPORT,Ezreal,1,0.01,0.0,0.0,1,LOW_N
15.1,SUPPORT,JarvanIV,1,0.01,0.0,0.0,1,LOW_N
15.1,SUPPORT,Kindred,1,0.01,0.0,0.0,1,LOW_N
15.1,SUPPORT,Orianna,1,0.01,0.0,0.0,1,LOW_N
15.1,SUPPORT,Singed,1,0.01,0.0,0.0,1,LOW_N
15.1,SUPPORT,TwistedFate,1,0.01,0.0,0.0,1,LOW_N
15.1,SUPPORT,Varus,1,0.01,0.0,0.0,1,LOW_N
15.1,SUPPORT,Vex,1,0.01,0.0,0.0,1,LOW_N
15.1,SUPPORT,Yasuo,1,0.01,0.0,0.0,1,LOW_N
15.1,SUPPORT,Anivia,2,0.021,0.0,0.0,2,LOW_N
15.1,SUPPORT,Heimerdinger,2,0.021,0.0,0.0,2,LOW_N
15.1,SUPPORT,Leblanc,2,0.021,0.0,0.0,2,LOW_N
15.1,SUPPORT,Annie,3,0.031,0.0,0.0,2,LOW_N
15.1,SUPPORT,Zac,3,0.031,0.0,0.0,2,LOW_N
15.1,TOP,Illaoi,38,0.398,60.53,44.72,4,NERF
15.1,TOP,Maokai,33,0.346,54.55,37.99,4,NERF
15.1,TOP,Garen,57,0.597,54.39,41.59,4,NERF
15.1,TOP,Vladimir,45,0.472,53.33,39.08,4,NERF
15.1,TOP,Gragas,49,0.513,53.06,39.38,4,NERF
15.1,TOP,Irelia,49,0.513,53.06,39.38,4,NERF
15.1,TOP,Sett,55,0.576,52.73,39.79,4,NERF
15.1,TOP,Volibear,44,0.461,52.27,37.94,4,NERF
15.1,TOP,Jax,48,0.503,52.08,38.33,4,NERF
15.1,TOP,MonkeyKing,15,0.157,73.33,48.05,3,
15.1,TOP,Fiora,30,0.314,66.67,48.78,3,
15.1,TOP,Tryndamere,18,0.189,61.11,38.62,3,
15.1,TOP,Yasuo,20,0.21,60.0,38.66,3,
15.1,TOP,Cassiopeia,16,0.168,56.25,33.18,3,
15.1,TOP,Teemo,21,0.22,52.38,32.37,3,
15.1,TOP,Singed,23,0.241,52.17,32.96,3,
15.1,TOP,Yorick,27,0.283,51.85,33.99,3,
15.1,TOP,TahmKench,37,0.388,51.35,35.89,4,
15.1,TOP,Kennen,24,0.251,50.0,31.43,3,
15.1,TOP,DrMundo,28,0.293,50.0,32.63,3,
15.1,TOP,Ornn,32,0.335,50.0,33.63,3,
15.1,TOP,Riven,87,0.912,49.43,39.17,4,
15.1,TOP,Malphite,54,0.566,48.15,35.39,4,
15.1,TOP,Nasus,25,0.262,48.0,30.03,3,
15.1,TOP,Trundle,23,0.241,47.83,29.24,3,
15.1,TOP,Urgot,44,0.461,47.73,33.75,4,
15.1,TOP,Warwick,21,0.22,47.62,28.34,3,
15.1,TOP,Shen,38,0.398,47.37,32.48,4,
15.1,TOP,Ambessa,55,0.576,47.27,34.69,4,
15.1,TOP,KSante,53,0.555,47.17,34.38,4,
15.1,TOP,Darius,83,0.87,46.99,36.62,4,
15.1,TOP,Camille,30,0.314,46.67,30.23,3,
15.1,TOP,Gwen,41,0.43,46.34,32.06,4,
15.1,TOP,Yone,50,0.524,46.0,32.97,4,
15.1,TOP,Gnar,42,0.44,45.24,31.22,4,
15.1,TOP,Aatrox,53,0.555,41.51,29.26,4,
15.1,TOP,Renekton,34,0.356,41.18,26.37,4,
15.1,TOP,Kayle,39,0.409,41.03,27.08,4,
15.1,TOP,Sion,37,0.388,40.54,26.35,4,
15.1,TOP,Jayce,31,0.325,38.71,23.73,3,
15.1,TOP,Mordekaiser,73,0.765,36.99,26.82,4,
15.1,TOP,Aurora,20,0.21,35.0,18.12,3,
15.1,TOP,Chogath,71,0.744,33.8,23.88,4,
15.1,TOP,Gangplank,21,0.22,28.57,13.81,3,
15.1,TOP,Pantheon,19,0.199,26.32,11.81,3,
15.1,TOP,Brand,1,0.01,100.0,20.65,1,LOW_N
15.1,TOP,Elise,1,0.01,100.0,20.65,1,LOW_N
15.1,TOP,Graves,1,0.01,100.0,20.65,1,LOW_N
15.1,TOP,Ivern,1,0.01,100.0,20.65,1,LOW_N
15.1,TOP,Kalista,1,0.01,100.0,20.65,1,LOW_N
15.1,TOP,Karthus,1,0.01,100.0,20.65,1,LOW_N
15.1,TOP,Leblanc,1,0.01,100.0,20.65,1,LOW_N
15.1,TOP,LeeSin,1,0.01,100.0,20.65,1,LOW_N
15.1,TOP,MasterYi,1,0.01,100.0,20.65,1,LOW_N
15.1,TOP,Rell,1,0.01,100.0,20.65,1,LOW_N
15.1,TOP,Taliyah,1,0.01,100.0,20.65,1,LOW_N
15.1,TOP,Talon,1,0.01,100.0,20.65,1,LOW_N
15.1,TOP,Twitch,1,0.01,100.0,20.65,1,LOW_N
15.1,TOP,Veigar,1,0.01,100.0,20.65,1,LOW_N
15.1,TOP,Vex,1,0.01,100.0,20.65,1,LOW_N
15.1,TOP,Zilean,1,0.01,100.0,20.65,1,LOW_N
15.1,TOP,Viktor,2,0.021,100.0,34.24,2,LOW_N
15.1,TOP,Briar,3,0.031,100.0,43.85,2,LOW_N
15.1,TOP,Udyr,5,0.052,80.0,37.55,2,LOW_N
15.1,TOP,Vayne,12,0.126,75.0,46.77,3,LOW_N
15.1,TOP,Ryze,7,0.073,71.43,35.89,2,LOW_N
15.1,TOP,Anivia,3,0.031,66.67,20.77,2,LOW_N
15.1,TOP,FiddleSticks,3,0.031,66.67,20.77,2,LOW_N
15.1,TOP,XinZhao,3,0.031,66.67,20.77,2,LOW_N
15.1,TOP,Zed,3,0.031,66.67,20.77,2,LOW_N
15.1,TOP,Zac,9,0.094,66.67,35.42,3,LOW_N
15.1,TOP,Malzahar,5,0.052,60.0,23.07,2,LOW_N
15.1,TOP,Skarner,5,0.052,60.0,23.07,2,LOW_N
15.1,TOP,Swain,5,0.052,60.0,23.07,2,LOW_N
15.1,TOP,Olaf,10,0.105,60.0,31.27,3,LOW_N
15.1,TOP,Quinn,10,0.105,60.0,31.27,3,LOW_N
15.1,TOP,Akshan,7,0.073,57.14,25.05,2,LOW_N
15.1,TOP,Heimerdinger,7,0.073,57.14,25.05,2,LOW_N
15.1,TOP,Poppy,7,0.073,57.14,25.05,2,LOW_N
15.1,TOP,Smolder,7,0.073,57.14,25.05,2,LOW_N
15.1,TOP,Karma,2,0.021,50.0,9.45,2,LOW_N
15.1,TOP,Sejuani,2,0.021,50.0,9.45,2,LOW_N
15.1,TOP,Shyvana,2,0.021,50.0,9.45,2,LOW_N
15.1,TOP,Vi,2,0.021,50.0,9.45,2,LOW_N
15.1,TOP,Kayn,4,0.042,50.0,15.0,2,LOW_N
15.1,TOP,Rumble,6,0.063,50.0,18.76,2,LOW_N
15.1,TOP,Kled,11,0.115,45.45,21.27,3,LOW_N
15.1,TOP,Akali,9,0.094,44.44,18.88,3,LOW_N
15.1,TOP,Lissandra,3,0.031,33.33,6.15,2,LOW_N
15.1,TOP,Sylas,7,0.073,28.57,8.22,3,LOW_N
15.1,TOP,Galio,5,0.052,20.0,3.62,2,LOW_N
15.1,TOP,Varus,5,0.052,20.0,3.62,2,LOW_N
15.1,TOP,Ashe,1,0.01,0.0,0.0,1,LOW_N
15.1,TOP,Diana,1,0.01,0.0,0.0,1,LOW_N
15.1,TOP,Fizz,1,0.01,0.0,0.0,1,LOW_N
15.1,TOP,Lillia,1,0.01,0.0,0.0,1,LOW_N
15.1,TOP,Naafiri,1,0.01,0.0,0.0,1,LOW_N
15.1,TOP,Qiyana,1,0.01,0.0,0.0,1,LOW_N
15.1,TOP,Rammus,1,0.01,0.0,0.0,1,LOW_N
15.1,TOP,Xerath,1,0.01,0.0,0.0,1,LOW_N
15.1,TOP,Zeri,1,0.01,0.0,0.0,1,LOW_N
15.1,TOP,Zoe,1,0.01,0.0,0.0,1,LOW_N
15.1,TOP,Rengar,2,0.021,0.0,0.0,2,LOW_N
15.1,TOP,Neeko,3,0.031,0.0,0.0,2,LOW_N
15.3,BOT,KogMaw,217,0.468,55.76,49.11,4,NERF
15.3,BOT,Nilah,113,0.243,54.87,45.68,4,NERF
15.3,BOT,Twitch,578,1.246,53.98,49.9,4,NERF
15.3,BOT,Samira,273,0.588,52.75,46.83,4,NERF
15.3,BOT,Sivir,197,0.425,52.28,45.33,4,NERF
15.3,BOT,Jinx,1171,2.523,52.26,49.4,4,NERF
15.3,BOT,Varus,310,0.668,52.26,46.7,4,NERF
15.3,BOT,Brand,27,0.058,70.37,51.52,3,BUFF_HIDDEN_STRONG
15.3,BOT,Karthus,30,0.065,70.0,52.12,3,BUFF_HIDDEN_STRONG
15.3,BOT,Swain,52,0.112,57.69,44.19,3,
15.3,BOT,Zeri,100,0.215,56.0,46.23,3,
15.3,BOT,Velkoz,29,0.062,55.17,37.55,3,
15.3,BOT,Veigar,35,0.075,54.29,38.19,3,
15.3,BOT,Hwei,32,0.069,53.13,36.45,3,
15.3,BOT,Vayne,616,1.327,51.95,48.0,4,
15.3,BOT,Kalista,109,0.235,50.46,41.22,4,
15.3,BOT,Caitlyn,859,1.851,50.41,47.07,4,
15.3,BOT,MissFortune,556,1.198,50.36,46.22,4,
15.3,BOT,Ashe,173,0.373,50.29,42.91,4,
15.3,BOT,Ezreal,758,1.633,50.26,46.71,4,
15.3,BOT,Smolder,191,0.412,50.26,43.24,4,
15.3,BOT,Tristana,273,0.588,50.18,44.29,4,
15.3,BOT,Seraphine,22,0.047,50.0,30.72,3,
15.3,BOT,Jhin,654,1.409,49.85,46.03,4,
15.3,BOT,Aphelios,242,0.521,49.17,42.94,4,
15.3,BOT,Kaisa,506,1.09,47.83,43.51,4,
15.3,BOT,Lucian,199,0.429,47.74,40.91,4,
15.3,BOT,Mel,84,0.181,47.62,37.28,3,
15.3,BOT,Lux,32,0.069,46.88,30.87,3,
15.3,BOT,Draven,292,0.629,44.52,38.93,4,
15.3,BOT,Xayah,157,0.338,43.31,35.81,4,
15.3,BOT,Corki,220,0.474,42.73,36.37,4,
15.3,BOT,Viktor,15,0.032,40.0,19.82,3,
15.3,BOT,Ziggs,47,0.101,38.3,25.79,3,
15.3,BOT,Yasuo,40,0.086,37.5,24.22,3,
15.3,BOT,Ambessa,1,0.002,100.0,20.65,1,LOW_N
15.3,BOT,AurelionSol,1,0.002,100.0,20.65,1,LOW_N
15.3,BOT,Gnar,1,0.002,100.0,20.65,1,LOW_N
15.3,BOT,Irelia,1,0.002,100.0,20.65,1,LOW_N
15.3,BOT,Jax,1,0.002,100.0,20.65,1,LOW_N
15.3,BOT,Leona,1,0.002,100.0,20.65,1,LOW_N
15.3,BOT,Lissandra,1,0.002,100.0,20.65,1,LOW_N
15.3,BOT,Morgana,1,0.002,100.0,20.65,1,LOW_N
15.3,BOT,Nidalee,1,0.002,100.0,20.65,1,LOW_N
15.3,BOT,Pantheon,1,0.002,100.0,20.65,1,LOW_N
15.3,BOT,Rengar,1,0.002,100.0,20.65,1,LOW_N
15.3,BOT,Shen,1,0.002,100.0,20.65,1,LOW_N
15.3,BOT,Sylas,1,0.002,100.0,20.65,2,LOW_N
15.3,BOT,Urgot,1,0.002,100.0,20.65,2,LOW_N
15.3,BOT,Vladimir,1,0.002,100.0,20.65,2,LOW_N
15.3,BOT,Volibear,1,0.002,100.0,20.65,2,LOW_N
15.3,BOT,Zoe,1,0.002,100.0,20.65,2,LOW_N
15.3,BOT,Sion,2,0.004,100.0,34.24,2,LOW_N
15.3,BOT,Taliyah,2,0.004,100.0,34.24,2,LOW_N
15.3,BOT,Xerath,6,0.013,83.33,43.65,3,LOW_N
15.3,BOT,Aurora,3,0.006,66.67,20.77,2,LOW_N
15.3,BOT,Quinn,3,0.006,66.67,20.77,2,LOW_N
15.3,BOT,Yone,3,0.006,66.67,20.77,2,LOW_N
15.3,BOT,Syndra,8,0.017,62.5,30.57,3,LOW_N
15.3,BOT,Akshan,5,0.011,60.0,23.07,3,LOW_N
15.3,BOT,Senna,5,0.011,60.0,23.07,3,LOW_N
15.3,BOT,Heimerdinger,10,0.022,60.0,31.27,3,LOW_N
15.3,BOT,TahmKench,7,0.015,57.14,25.05,3,LOW_N
15.3,BOT,Anivia,2,0.004,50.0,9.45,2,LOW_N
15.3,BOT,Diana,2,0.004,50.0,9.45,2,LOW_N
15.3,BOT,Garen,2,0.004,50.0,9.45,2,LOW_N
15.3,BOT,Orianna,2,0.004,50.0,9.45,2,LOW_N
15.3,BOT,Zyra,6,0.013,50.0,18.76,3,LOW_N
15.3,BOT,Katarina,5,0.011,40.0,11.76,3,LOW_N
15.3,BOT,Cassiopeia,8,0.017,37.5,13.68,3,LOW_N
15.3,BOT,Annie,3,0.006,33.33,6.15,2,LOW_N
15.3,BOT,Malzahar,4,0.009,25.0,4.56,2,LOW_N
15.3,BOT,Blitzcrank,1,0.002,0.0,0.0,1,LOW_N
15.3,BOT,Chogath,1,0.002,0.0,0.0,1,LOW_N
15.3,BOT,Elise,1,0.002,0.0,0.0,1,LOW_N
15.3,BOT,Fiora,1,0.002,0.0,0.0,1,LOW_N
15.3,BOT,KSante,1,0.002,0.0,0.0,1,LOW_N
15.3,BOT,Kindred,1,0.002,0.0,0.0,1,LOW_N
15.3,BOT,MonkeyKing,1,0.002,0.0,0.0,1,LOW_N
15.3,BOT,Nami,1,0.002,0.0,0.0,1,LOW_N
15.3,BOT,Renekton,1,0.002,0.0,0.0,1,LOW_N
15.3,BOT,Sejuani,1,0.002,0.0,0.0,1,LOW_N
15.3,BOT,Singed,1,0.002,0.0,0.0,2,LOW_N
15.3,BOT,Thresh,1,0.002,0.0,0.0,2,LOW_N
15.3,BOT,Karma,2,0.004,0.0,0.0,2,LOW_N
15.3,BOT,Soraka,2,0.004,0.0,0.0,2,LOW_N
15.3,BOT,Teemo,2,0.004,0.0,0.0,2,LOW_N
15.3,BOT,TwistedFate,2,0.004,0.0,0.0,2,LOW_N
15.3,JUNGLE,XinZhao,204,0.44,58.82,51.97,4,NERF
15.3,JUNGLE,Nunu,191,0.412,58.12,51.03,4,NERF
15.3,JUNGLE,Amumu,339,0.73,55.46,50.13,4,NERF
15.3,JUNGLE,Warwick,291,0.627,55.33,49.58,4,NERF
15.3,JUNGLE,Volibear,192,0.414,55.21,48.14,4,NERF
15.3,JUNGLE,Kayn,508,1.095,54.13,49.79,4,NERF
15.3,JUNGLE,LeeSin,261,0.562,53.26,47.2,4,NERF
15.3,JUNGLE,Kindred,159,0.343,52.83,45.1,4,NERF
15.3,JUNGLE,Khazix,247,0.532,52.63,46.41,4,NERF
15.3,JUNGLE,Diana,708,1.526,52.54,48.86,4,NERF
15.3,JUNGLE,Rengar,187,0.403,52.41,45.27,4,NERF
15.3,JUNGLE,Jax,33,0.071,66.67,49.61,3,
15.3,JUNGLE,Ivern,64,0.138,60.94,48.69,3,
15.3,JUNGLE,Darius,29,0.062,58.62,40.74,3,
15.3,JUNGLE,Olaf,19,0.041,57.89,36.28,3,
15.3,JUNGLE,Rammus,83,0.179,56.63,45.91,3,
15.3,JUNGLE,Evelynn,153,0.33,55.56,47.64,3,
15.3,JUNGLE,Yorick,60,0.129,53.33,40.89,3,
15.3,JUNGLE,Hecarim,289,0.623,51.9,46.16,4,
15.3,JUNGLE,Gwen,81,0.175,51.85,41.14,3,
15.3,JUNGLE,MasterYi,356,0.767,51.69,46.5,4,
15.3,JUNGLE,Vi,306,0.659,50.98,45.4,4,
15.3,JUNGLE,Zac,128,0.276,50.78,42.22,3,
15.3,JUNGLE,Briar,190,0.409,50.53,43.48,4,
15.3,JUNGLE,Viego,561,1.209,50.27,46.14,4,
15.3,JUNGLE,Zyra,50,0.108,50.0,36.64,3,
15.3,JUNGLE,Udyr,134,0.289,50.0,41.65,3,
15.3,JUNGLE,MonkeyKing,252,0.543,50.0,43.87,4,
15.3,JUNGLE,JarvanIV,357,0.769,49.58,44.43,4,
15.3,JUNGLE,FiddleSticks,154,0.332,49.35,41.57,3,
15.3,JUNGLE,Gragas,59,0.127,49.15,36.84,3,
15.3,JUNGLE,Lillia,172,0.371,48.84,41.47,4,
15.3,JUNGLE,Karthus,78,0.168,48.72,37.95,3,
15.3,JUNGLE,Sejuani,155,0.334,48.39,40.65,4,
15.3,JUNGLE,Zed,127,0.274,48.03,39.53,3,
15.3,JUNGLE,Nidalee,50,0.108,48.0,34.8,3,
15.3,JUNGLE,Ekko,157,0.338,47.77,40.1,4,
15.3,JUNGLE,Trundle,42,0.091,47.62,33.36,3,
15.3,JUNGLE,Morgana,19,0.041,47.37,27.33,2,
15.3,JUNGLE,Belveth,82,0.177,46.34,35.95,3,
15.3,JUNGLE,Shyvana,113,0.243,46.02,37.11,3,
15.3,JUNGLE,Nocturne,401,0.864,45.89,41.07,4,
15.3,JUNGLE,Elise,96,0.207,45.83,36.22,3,
15.3,JUNGLE,Skarner,102,0.22,45.1,35.79,3,
15.3,JUNGLE,Mordekaiser,20,0.043,45.0,25.82,3,
15.3,JUNGLE,Graves,183,0.394,44.26,37.26,4,
15.3,JUNGLE,Maokai,40,0.086,42.5,28.51,3,
15.3,JUNGLE,Qiyana,17,0.037,41.18,21.61,2,
15.3,JUNGLE,Pantheon,157,0.338,40.76,33.39,4,
15.3,JUNGLE,Shaco,213,0.459,40.38,34.01,4,
15.3,JUNGLE,Taliyah,20,0.043,40.0,21.88,3,
15.3,JUNGLE,Talon,125,0.269,35.2,27.38,3,
15.3,JUNGLE,RekSai,35,0.075,31.43,18.55,3,
15.3,JUNGLE,Akshan,1,0.002,100.0,20.65,1,LOW_N
15.3,JUNGLE,MissFortune,1,0.002,100.0,20.65,1,LOW_N
15.3,JUNGLE,Senna,1,0.002,100.0,20.65,1,LOW_N
15.3,JUNGLE,Sett,1,0.002,100.0,20.65,1,LOW_N
15.3,JUNGLE,Swain,1,0.002,100.0,20.65,1,LOW_N
15.3,JUNGLE,Vayne,1,0.002,100.0,20.65,1,LOW_N
15.3,JUNGLE,Zeri,1,0.002,100.0,20.65,1,LOW_N
15.3,JUNGLE,TahmKench,2,0.004,100.0,34.24,1,LOW_N
15.3,JUNGLE,Shen,3,0.006,100.0,43.85,2,LOW_N
15.3,JUNGLE,Thresh,3,0.006,100.0,43.85,2,LOW_N
15.3,JUNGLE,Sylas,13,0.028,69.23,42.37,2,LOW_N
15.3,JUNGLE,Pyke,3,0.006,66.67,20.77,2,LOW_N
15.3,JUNGLE,Quinn,3,0.006,66.67,20.77,2,LOW_N
15.3,JUNGLE,Garen,6,0.013,66.67,30.0,2,LOW_N
15.3,JUNGLE,Ambessa,12,0.026,66.67,39.06,2,LOW_N
15.3,JUNGLE,Nasus,12,0.026,66.67,39.06,2,LOW_N
15.3,JUNGLE,Teemo,9,0.019,55.56,26.66,2,LOW_N
15.3,JUNGLE,Bard,2,0.004,50.0,9.45,1,LOW_N
15.3,JUNGLE,Kayle,2,0.004,50.0,9.45,1,LOW_N
15.3,JUNGLE,Rell,2,0.004,50.0,9.45,1,LOW_N
15.3,JUNGLE,Urgot,2,0.004,50.0,9.45,1,LOW_N
15.3,JUNGLE,Malphite,6,0.013,50.0,18.76,2,LOW_N
15.3,JUNGLE,AurelionSol,14,0.03,50.0,26.8,2,LOW_N
15.3,JUNGLE,DrMundo,11,0.024,45.45,21.27,2,LOW_N
15.3,JUNGLE,Twitch,11,0.024,45.45,21.27,2,LOW_N
15.3,JUNGLE,Nautilus,7,0.015,42.86,15.82,2,LOW_N
15.3,JUNGLE,Poppy,10,0.022,40.0,16.82,2,LOW_N
15.3,JUNGLE,Leona,3,0.006,33.33,6.15,1,LOW_N
15.3,JUNGLE,Naafiri,3,0.006,33.33,6.15,2,LOW_N
15.3,JUNGLE,Rumble,3,0.006,33.33,6.15,2,LOW_N
15.3,JUNGLE,Tryndamere,9,0.019,33.33,12.06,2,LOW_N
15.3,JUNGLE,Brand,13,0.028,30.77,12.68,2,LOW_N
15.3,JUNGLE,Sion,10,0.022,30.0,10.78,2,LOW_N
15.3,JUNGLE,Karma,4,0.009,25.0,4.56,2,LOW_N
15.3,JUNGLE,Chogath,8,0.017,25.0,7.15,2,LOW_N
15.3,JUNGLE,Anivia,1,0.002,0.0,0.0,1,LOW_N
15.3,JUNGLE,Camille,1,0.002,0.0,0.0,1,LOW_N
15.3,JUNGLE,Fizz,1,0.002,0.0,0.0,1,LOW_N
15.3,JUNGLE,Heimerdinger,1,0.002,0.0,0.0,1,LOW_N
15.3,JUNGLE,Janna,1,0.002,0.0,0.0,1,LOW_N
15.3,JUNGLE,Jinx,1,0.002,0.0,0.0,1,LOW_N
15.3,JUNGLE,Lux,1,0.002,0.0,0.0,1,LOW_N
15.3,JUNGLE,Malzahar,1,0.002,0.0,0.0,1,LOW_N
15.3,JUNGLE,Mel,1,0.002,0.0,0.0,1,LOW_N
15.3,JUNGLE,Nami,1,0.002,0.0,0.0,1,LOW_N
15.3,JUNGLE,Soraka,1,0.002,0.0,0.0,1,LOW_N
15.3,JUNGLE,Velkoz,1,0.002,0.0,0.0,1,LOW_N
15.3,JUNGLE,Yuumi,2,0.004,0.0,0.0,1,LOW_N
15.3,JUNGLE,Neeko,3,0.006,0.0,0.0,2,LOW_N
15.3,JUNGLE,Singed,4,0.009,0.0,0.0,2,LOW_N
15.3,MID,Chogath,125,0.269,60.0,51.24,4,NERF
15.3,MID,Kayle,113,0.243,57.52,48.31,4,NERF
15.3,MID,AurelionSol,104,0.224,56.73,47.14,4,NERF
15.3,MID,Akali,219,0.472,55.71,49.09,4,NERF
15.3,MID,Vex,108,0.233,55.56,46.15,4,NERF
15.3,MID,Yasuo,365,0.787,54.79,49.67,4,NERF
15.3,MID,Cassiopeia,141,0.304,54.61,46.38,4,NERF
15.3,MID,Galio,168,0.362,53.57,46.03,4,NERF
15.3,MID,Yone,264,0.569,53.03,47.01,4,NERF
15.3,MID,Akshan,187,0.403,52.41,45.27,4,NERF
15.3,MID,Kassadin,132,0.284,52.27,43.81,4,NERF
15.3,MID,Katarina,390,0.84,52.05,47.1,4,NERF
15.3,MID,Zilean,15,0.032,80.0,54.81,3,BUFF_HIDDEN_STRONG
15.3,MID,Anivia,84,0.181,61.9,51.22,3,BUFF_HIDDEN_STRONG
15.3,MID,Diana,91,0.196,61.54,51.27,3,BUFF_HIDDEN_STRONG
15.3,MID,Varus,15,0.032,66.67,41.71,3,
15.3,MID,Pantheon,44,0.095,63.64,48.87,3,
15.3,MID,Kennen,24,0.052,62.5,42.71,3,
15.3,MID,Velkoz,82,0.177,57.32,46.52,3,
15.3,MID,Gangplank,16,0.034,56.25,33.18,3,
15.3,MID,Swain,86,0.185,55.81,45.29,3,
15.3,MID,Heimerdinger,28,0.06,53.57,35.81,3,
15.3,MID,Nasus,15,0.032,53.33,30.12,3,
15.3,MID,Karma,53,0.114,52.83,39.66,3,
15.3,MID,Annie,91,0.196,52.75,42.59,3,
15.3,MID,Garen,40,0.086,52.5,37.5,3,
15.3,MID,Taliyah,46,0.099,52.17,38.14,3,
15.3,MID,Ekko,139,0.3,51.8,43.56,4,
15.3,MID,Vladimir,257,0.554,51.75,45.66,4,
15.3,MID,Aurora,251,0.541,51.0,44.84,4,
15.3,MID,Syndra,456,0.983,50.88,46.3,4,
15.3,MID,Qiyana,81,0.175,50.62,39.95,3,
15.3,MID,Sylas,289,0.623,50.52,44.79,4,
15.3,MID,Ezreal,22,0.047,50.0,30.72,3,
15.3,MID,Hwei,276,0.595,49.64,43.78,4,
15.3,MID,Irelia,113,0.243,49.56,40.51,4,
15.3,MID,Talon,67,0.144,49.25,37.65,3,
15.3,MID,Ahri,370,0.797,48.92,43.86,4,
15.3,MID,Ryze,82,0.177,48.78,38.26,3,
15.3,MID,Lux,290,0.625,48.62,42.92,4,
15.3,MID,Zed,305,0.657,48.52,42.97,4,
15.3,MID,Malphite,33,0.071,48.48,32.5,3,
15.3,MID,Brand,29,0.062,48.28,31.39,3,
15.3,MID,Veigar,161,0.347,47.83,40.25,4,
15.3,MID,Mel,603,1.299,47.76,43.8,4,
15.3,MID,Malzahar,292,0.629,47.6,41.94,4,
15.3,MID,Lissandra,250,0.539,47.6,41.49,4,
15.3,MID,Viktor,365,0.787,47.4,42.33,4,
15.3,MID,Neeko,19,0.041,47.37,27.33,3,
15.3,MID,Orianna,187,0.403,47.06,40.04,4,
15.3,MID,Azir,116,0.25,46.55,37.73,4,
15.3,MID,TwistedFate,66,0.142,45.45,34.02,3,
15.3,MID,Leblanc,124,0.267,45.16,36.68,4,
15.3,MID,Zoe,102,0.22,45.1,35.79,4,
15.3,MID,Gragas,25,0.054,44.0,26.67,3,
15.3,MID,Naafiri,57,0.123,43.86,31.77,3,
15.3,MID,Xerath,158,0.34,41.77,34.37,4,
15.3,MID,Fizz,170,0.366,41.76,34.61,4,
15.3,MID,Tristana,29,0.062,41.38,25.51,3,
15.3,MID,Ziggs,29,0.062,41.38,25.51,3,
15.3,MID,Corki,47,0.101,40.43,27.64,3,
15.3,MID,Quinn,38,0.082,39.47,25.6,3,
15.3,MID,Smolder,34,0.073,38.24,23.9,3,
15.3,MID,Jayce,27,0.058,33.33,18.64,3,
15.3,MID,Ambessa,17,0.037,29.41,13.28,3,
15.3,MID,Briar,1,0.002,100.0,20.65,1,LOW_N
15.3,MID,Kindred,1,0.002,100.0,20.65,1,LOW_N
15.3,MID,LeeSin,1,0.002,100.0,20.65,1,LOW_N
15.3,MID,Leona,1,0.002,100.0,20.65,1,LOW_N
15.3,MID,Nautilus,1,0.002,100.0,20.65,1,LOW_N
15.3,MID,Senna,1,0.002,100.0,20.65,1,LOW_N
15.3,MID,Samira,2,0.004,100.0,34.24,1,LOW_N
15.3,MID,Skarner,2,0.004,100.0,34.24,1,LOW_N
15.3,MID,Viego,2,0.004,100.0,34.24,1,LOW_N
15.3,MID,Lucian,3,0.006,100.0,43.85,1,LOW_N
15.3,MID,Ornn,3,0.006,100.0,43.85,2,LOW_N
15.3,MID,Jax,4,0.009,100.0,51.01,2,LOW_N
15.3,MID,Twitch,8,0.017,100.0,67.56,2,LOW_N
15.3,MID,Rumble,4,0.009,75.0,30.06,2,LOW_N
15.3,MID,Aatrox,8,0.017,75.0,40.93,2,LOW_N
15.3,MID,MissFortune,7,0.015,71.43,35.89,2,LOW_N
15.3,MID,Nunu,13,0.028,69.23,42.37,3,LOW_N
15.3,MID,Camille,3,0.006,66.67,20.77,1,LOW_N
15.3,MID,Draven,3,0.006,66.67,20.77,1,LOW_N
15.3,MID,Karthus,3,0.006,66.67,20.77,1,LOW_N
15.3,MID,Lulu,3,0.006,66.67,20.77,1,LOW_N
15.3,MID,TahmKench,3,0.006,66.67,20.77,2,LOW_N
15.3,MID,Urgot,3,0.006,66.67,20.77,2,LOW_N
15.3,MID,MonkeyKing,8,0.017,62.5,30.57,2,LOW_N
15.3,MID,Zac,5,0.011,60.0,23.07,2,LOW_N
15.3,MID,Jhin,10,0.022,60.0,31.27,2,LOW_N
15.3,MID,Zyra,10,0.022,60.0,31.27,2,LOW_N
15.3,MID,Morgana,7,0.015,57.14,25.05,2,LOW_N
15.3,MID,Caitlyn,9,0.019,55.56,26.66,2,LOW_N
15.3,MID,Aphelios,2,0.004,50.0,9.45,1,LOW_N
15.3,MID,Fiora,2,0.004,50.0,9.45,1,LOW_N
15.3,MID,Graves,2,0.004,50.0,9.45,1,LOW_N
15.3,MID,Illaoi,2,0.004,50.0,9.45,1,LOW_N
15.3,MID,JarvanIV,2,0.004,50.0,9.45,1,LOW_N
15.3,MID,Rakan,2,0.004,50.0,9.45,1,LOW_N
15.3,MID,Zeri,2,0.004,50.0,9.45,1,LOW_N
15.3,MID,Mordekaiser,4,0.009,50.0,15.0,2,LOW_N
15.3,MID,Riven,4,0.009,50.0,15.0,2,LOW_N
15.3,MID,Volibear,4,0.009,50.0,15.0,2,LOW_N
15.3,MID,FiddleSticks,6,0.013,50.0,18.76,2,LOW_N
15.3,MID,Sion,6,0.013,50.0,18.76,2,LOW_N
15.3,MID,Tryndamere,8,0.017,50.0,21.52,2,LOW_N
15.3,MID,Shen,11,0.024,45.45,21.27,2,LOW_N
15.3,MID,Seraphine,9,0.019,44.44,18.88,2,LOW_N
15.3,MID,Kaisa,7,0.015,42.86,15.82,2,LOW_N
15.3,MID,KogMaw,7,0.015,42.86,15.82,2,LOW_N
15.3,MID,Singed,5,0.011,40.0,11.76,2,LOW_N
15.3,MID,Vayne,5,0.011,40.0,11.76,2,LOW_N
15.3,MID,Yorick,5,0.011,40.0,11.76,2,LOW_N
15.3,MID,Renekton,11,0.024,36.36,15.17,2,LOW_N
15.3,MID,Gwen,3,0.006,33.33,6.15,1,LOW_N
15.3,MID,MasterYi,3,0.006,33.33,6.15,1,LOW_N
15.3,MID,Teemo,3,0.006,33.33,6.15,2,LOW_N
15.3,MID,Sett,6,0.013,33.33,9.68,2,LOW_N
15.3,MID,KSante,10,0.022,30.0,10.78,2,LOW_N
15.3,MID,Bard,1,0.002,0.0,0.0,1,LOW_N
15.3,MID,DrMundo,1,0.002,0.0,0.0,1,LOW_N
15.3,MID,Gnar,1,0.002,0.0,0.0,1,LOW_N
15.3,MID,Jinx,1,0.002,0.0,0.0,1,LOW_N
15.3,MID,Kalista,1,0.002,0.0,0.0,1,LOW_N
15.3,MID,Sivir,1,0.002,0.0,0.0,1,LOW_N
15.3,MID,Taric,1,0.002,0.0,0.0,1,LOW_N
15.3,MID,Thresh,1,0.002,0.0,0.0,1,LOW_N
15.3,MID,Trundle,1,0.002,0.0,0.0,1,LOW_N
15.3,MID,XinZhao,2,0.004,0.0,0.0,1,LOW_N
15.3,MID,Pyke,3,0.006,0.0,0.0,2,LOW_N
15.3,MID,Darius,4,0.009,0.0,0.0,2,LOW_N
15.3,SUPPORT,Maokai,130,0.28,59.23,50.64,4,NERF
15.3,SUPPORT,Janna,332,0.715,56.93,51.55,4,NERF
15.3,SUPPORT,Swain,130,0.28,56.15,47.57,4,NERF
15.3,SUPPORT,Lulu,895,1.929,55.42,52.15,4,NERF
15.3,SUPPORT,Poppy,125,0.269,54.4,45.67,4,NERF
15.3,SUPPORT,Milio,425,0.916,53.65,48.89,4,NERF
15.3,SUPPORT,Leona,330,0.711,53.03,47.64,4,NERF
15.3,SUPPORT,Senna,246,0.53,52.85,46.61,4,NERF
15.3,SUPPORT,Pantheon,151,0.325,52.32,44.39,4,NERF
15.3,SUPPORT,Teemo,23,0.05,60.87,40.79,3,
15.3,SUPPORT,Shaco,48,0.103,60.42,46.31,3,
15.3,SUPPORT,Zac,15,0.032,60.0,35.75,3,
15.3,SUPPORT,Sylas,30,0.065,56.67,39.2,3,
15.3,SUPPORT,Neeko,56,0.121,55.36,42.41,3,
15.3,SUPPORT,Sona,118,0.254,55.08,46.09,3,
15.3,SUPPORT,Brand,87,0.187,52.87,42.49,3,
15.3,SUPPORT,Renata,71,0.153,52.11,40.69,3,
15.3,SUPPORT,Galio,25,0.054,52.0,33.5,3,
15.3,SUPPORT,Zyra,196,0.422,51.53,44.57,4,
15.3,SUPPORT,Nami,722,1.556,51.11,47.47,4,
15.3,SUPPORT,Karma,494,1.064,51.01,46.61,4,
15.3,SUPPORT,Lux,286,0.616,50.7,44.93,4,
15.3,SUPPORT,Morgana,227,0.489,50.66,44.2,4,
15.3,SUPPORT,Yuumi,340,0.733,50.29,45.01,4,
15.3,SUPPORT,Mel,111,0.239,49.55,40.42,3,
15.3,SUPPORT,Nautilus,297,0.64,49.16,43.52,4,
15.3,SUPPORT,Thresh,563,1.213,48.67,44.56,4,
15.3,SUPPORT,Elise,223,0.481,48.43,41.95,4,
15.3,SUPPORT,Soraka,231,0.498,48.05,41.69,4,
15.3,SUPPORT,Xerath,100,0.215,48.0,38.46,3,
15.3,SUPPORT,Hwei,21,0.045,47.62,28.34,3,
15.3,SUPPORT,TahmKench,124,0.267,47.58,39.0,4,
15.3,SUPPORT,Braum,230,0.496,47.39,41.03,4,
15.3,SUPPORT,Zilean,123,0.265,47.15,38.55,3,
15.3,SUPPORT,Rakan,128,0.276,46.88,38.45,4,
15.3,SUPPORT,Rell,195,0.42,46.67,39.8,4,
15.3,SUPPORT,Shen,26,0.056,46.15,28.76,3,
15.3,SUPPORT,Alistar,120,0.259,45.83,37.19,3,
15.3,SUPPORT,Bard,147,0.317,45.58,37.74,4,
15.3,SUPPORT,Seraphine,95,0.205,45.26,35.63,3,
15.3,SUPPORT,Pyke,228,0.491,45.18,38.85,4,
15.3,SUPPORT,Blitzcrank,152,0.328,42.76,35.17,4,
15.3,SUPPORT,Taric,101,0.218,42.57,33.38,3,
15.3,SUPPORT,Velkoz,139,0.3,41.01,33.18,4,
15.3,SUPPORT,Zoe,22,0.047,40.91,23.26,3,
15.3,SUPPORT,Leblanc,15,0.032,40.0,19.82,3,
15.3,SUPPORT,Quinn,15,0.032,40.0,19.82,3,
15.3,SUPPORT,Twitch,20,0.043,40.0,21.88,3,
15.3,SUPPORT,FiddleSticks,18,0.039,38.89,20.3,3,
15.3,SUPPORT,Aurora,1,0.002,100.0,20.65,1,LOW_N
15.3,SUPPORT,Fiora,1,0.002,100.0,20.65,1,LOW_N
15.3,SUPPORT,Gnar,1,0.002,100.0,20.65,1,LOW_N
15.3,SUPPORT,Mordekaiser,1,0.002,100.0,20.65,1,LOW_N
15.3,SUPPORT,Vex,1,0.002,100.0,20.65,1,LOW_N
15.3,SUPPORT,Vi,1,0.002,100.0,20.65,1,LOW_N
15.3,SUPPORT,Nunu,2,0.004,100.0,34.24,1,LOW_N
15.3,SUPPORT,Yasuo,2,0.004,100.0,34.24,2,LOW_N
15.3,SUPPORT,Varus,3,0.006,100.0,43.85,2,LOW_N
15.3,SUPPORT,Nidalee,5,0.011,80.0,37.55,2,LOW_N
15.3,SUPPORT,Jax,4,0.009,75.0,30.06,2,LOW_N
15.3,SUPPORT,Ivern,10,0.022,70.0,39.68,2,LOW_N
15.3,SUPPORT,Caitlyn,3,0.006,66.67,20.77,2,LOW_N
15.3,SUPPORT,Heimerdinger,3,0.006,66.67,20.77,2,LOW_N
15.3,SUPPORT,Rammus,3,0.006,66.67,20.77,2,LOW_N
15.3,SUPPORT,Syndra,6,0.013,66.67,30.0,2,LOW_N
15.3,SUPPORT,Veigar,6,0.013,66.67,30.0,2,LOW_N
15.3,SUPPORT,Amumu,8,0.017,62.5,30.57,2,LOW_N
15.3,SUPPORT,Sejuani,8,0.017,62.5,30.57,2,LOW_N
15.3,SUPPORT,Orianna,5,0.011,60.0,23.07,2,LOW_N
15.3,SUPPORT,MissFortune,7,0.015,57.14,25.05,2,LOW_N
15.3,SUPPORT,Annie,14,0.03,57.14,32.59,3,LOW_N
15.3,SUPPORT,Chogath,13,0.028,53.85,29.14,3,LOW_N
15.3,SUPPORT,Akshan,2,0.004,50.0,9.45,1,LOW_N
15.3,SUPPORT,Darius,2,0.004,50.0,9.45,1,LOW_N
15.3,SUPPORT,Talon,2,0.004,50.0,9.45,1,LOW_N
15.3,SUPPORT,XinZhao,2,0.004,50.0,9.45,1,LOW_N
15.3,SUPPORT,Malzahar,4,0.009,50.0,15.0,2,LOW_N
15.3,SUPPORT,Lissandra,6,0.013,50.0,18.76,2,LOW_N
15.3,SUPPORT,Sett,6,0.013,50.0,18.76,2,LOW_N
15.3,SUPPORT,Anivia,10,0.022,50.0,23.66,2,LOW_N
15.3,SUPPORT,TwistedFate,10,0.022,50.0,23.66,2,LOW_N
15.3,SUPPORT,Ornn,5,0.011,40.0,11.76,2,LOW_N
15.3,SUPPORT,Taliyah,5,0.011,40.0,11.76,2,LOW_N
15.3,SUPPORT,Camille,14,0.03,35.71,16.34,3,LOW_N
15.3,SUPPORT,MonkeyKing,3,0.006,33.33,6.15,2,LOW_N
15.3,SUPPORT,Ziggs,3,0.006,33.33,6.15,2,LOW_N
15.3,SUPPORT,Gragas,9,0.019,33.33,12.06,2,LOW_N
15.3,SUPPORT,JarvanIV,13,0.028,30.77,12.68,3,LOW_N
15.3,SUPPORT,Malphite,13,0.028,30.77,12.68,3,LOW_N
15.3,SUPPORT,Ashe,14,0.03,28.57,11.72,3,LOW_N
15.3,SUPPORT,LeeSin,4,0.009,25.0,4.56,2,LOW_N
15.3,SUPPORT,Sion,9,0.019,22.22,6.32,2,LOW_N
15.3,SUPPORT,Ahri,1,0.002,0.0,0.0,1,LOW_N
15.3,SUPPORT,Azir,1,0.002,0.0,0.0,1,LOW_N
15.3,SUPPORT,Cassiopeia,1,0.002,0.0,0.0,1,LOW_N
15.3,SUPPORT,Ezreal,1,0.002,0.0,0.0,1,LOW_N
15.3,SUPPORT,Graves,1,0.002,0.0,0.0,1,LOW_N
15.3,SUPPORT,Hecarim,1,0.002,0.0,0.0,1,LOW_N
15.3,SUPPORT,Katarina,1,0.002,0.0,0.0,1,LOW_N
15.3,SUPPORT,Kled,1,0.002,0.0,0.0,1,LOW_N
15.3,SUPPORT,Naafiri,1,0.002,0.0,0.0,1,LOW_N
15.3,SUPPORT,RekSai,1,0.002,0.0,0.0,1,LOW_N
15.3,SUPPORT,Urgot,1,0.002,0.0,0.0,1,LOW_N
15.3,SUPPORT,Viego,1,0.002,0.0,0.0,1,LOW_N
15.3,SUPPORT,Volibear,1,0.002,0.0,0.0,1,LOW_N
15.3,SUPPORT,Yone,1,0.002,0.0,0.0,1,LOW_N
15.3,SUPPORT,Ekko,2,0.004,0.0,0.0,1,LOW_N
15.3,SUPPORT,Evelynn,2,0.004,0.0,0.0,1,LOW_N
15.3,SUPPORT,Fizz,2,0.004,0.0,0.0,1,LOW_N
15.3,SUPPORT,Skarner,3,0.006,0.0,0.0,2,LOW_N
15.3,SUPPORT,Kennen,4,0.009,0.0,0.0,2,LOW_N
15.3,TOP,Urgot,175,0.377,57.71,50.31,4,NERF
15.3,TOP,Teemo,162,0.349,57.41,49.71,4,NERF
15.3,TOP,Yorick,128,0.276,53.91,45.28,4,NERF
15.3,TOP,Quinn,132,0.284,53.79,45.3,4,NERF
15.3,TOP,Riven,229,0.493,53.71,47.25,4,NERF
15.3,TOP,Mordekaiser,294,0.634,53.06,47.35,4,NERF
15.3,TOP,Tryndamere,132,0.284,53.03,44.55,4,NERF
15.3,TOP,Aatrox,317,0.683,52.68,47.19,4,NERF
15.3,TOP,Warwick,154,0.332,52.6,44.74,4,NERF
15.3,TOP,Darius,419,0.903,52.51,47.72,4,NERF
15.3,TOP,Yone,197,0.425,52.28,45.33,4,NERF
15.3,TOP,Kayle,343,0.739,52.19,46.91,4,NERF
15.3,TOP,Chogath,413,0.89,52.06,47.24,4,NERF
15.3,TOP,Akshan,22,0.047,72.73,51.85,3,BUFF_HIDDEN_STRONG
15.3,TOP,Kennen,102,0.22,59.8,50.1,3,BUFF_HIDDEN_STRONG
15.3,TOP,MonkeyKing,54,0.116,61.11,47.79,3,
15.3,TOP,Kayn,26,0.056,57.69,38.95,3,
15.3,TOP,Yasuo,69,0.149,56.52,44.79,3,
15.3,TOP,Gangplank,92,0.198,56.52,46.33,3,
15.3,TOP,Sylas,48,0.103,56.25,42.27,3,
15.3,TOP,Zac,40,0.086,55.0,39.83,3,
15.3,TOP,Illaoi,83,0.179,54.22,43.55,3,
15.3,TOP,Maokai,74,0.159,54.05,42.78,3,
15.3,TOP,Heimerdinger,40,0.086,52.5,37.5,3,
15.3,TOP,Kled,63,0.136,52.38,40.27,3,
15.3,TOP,Akali,65,0.14,52.31,40.38,3,
15.3,TOP,Malphite,301,0.649,51.5,45.87,4,
15.3,TOP,Nasus,205,0.442,51.22,44.42,4,
15.3,TOP,Gnar,157,0.338,50.96,43.21,4,
15.3,TOP,Pantheon,118,0.254,50.85,41.94,4,
15.3,TOP,Aurora,61,0.131,50.82,38.6,3,
15.3,TOP,DrMundo,156,0.336,50.64,42.87,4,
15.3,TOP,TahmKench,131,0.282,50.38,41.93,4,
15.3,TOP,Irelia,177,0.381,50.28,42.99,4,
15.3,TOP,Sett,375,0.808,50.13,45.1,4,
15.3,TOP,Garen,381,0.821,49.61,44.61,4,
15.3,TOP,Vayne,71,0.153,49.3,38.0,3,
15.3,TOP,Fiora,138,0.297,49.28,41.07,4,
15.3,TOP,Trundle,124,0.267,49.19,40.55,4,
15.3,TOP,Camille,132,0.284,48.48,40.12,4,
15.3,TOP,Jax,236,0.509,48.31,42.01,4,
15.3,TOP,Renekton,181,0.39,48.07,40.9,4,
15.3,TOP,Shen,167,0.36,47.9,40.46,4,
15.3,TOP,Gwen,92,0.198,47.83,37.91,3,
15.3,TOP,Olaf,65,0.14,47.69,36.02,3,
15.3,TOP,Ornn,193,0.416,47.67,40.74,4,
15.3,TOP,Swain,21,0.045,47.62,28.34,3,
15.3,TOP,Ambessa,198,0.427,47.47,40.63,4,
15.3,TOP,Gragas,163,0.351,47.24,39.73,4,
15.3,TOP,Ryze,32,0.069,46.88,30.87,3,
15.3,TOP,Cassiopeia,64,0.138,46.88,35.18,3,
15.3,TOP,Karma,28,0.06,46.43,29.53,3,
15.3,TOP,Volibear,229,0.493,45.85,39.52,4,
15.3,TOP,Sion,191,0.412,45.55,38.64,4,
15.3,TOP,KSante,161,0.347,44.72,37.25,4,
15.3,TOP,Singed,81,0.175,44.44,34.12,3,
15.3,TOP,Vladimir,154,0.332,42.86,35.31,4,
15.3,TOP,Mel,26,0.056,42.31,25.54,3,
15.3,TOP,Zilean,19,0.041,42.11,23.14,3,
15.3,TOP,Rumble,52,0.112,40.38,28.16,3,
15.3,TOP,Smolder,15,0.032,40.0,19.82,3,
15.3,TOP,Jayce,80,0.172,40.0,29.96,3,
15.3,TOP,Udyr,18,0.039,38.89,20.3,3,
15.3,TOP,Poppy,39,0.084,38.46,24.89,3,
15.3,TOP,Lissandra,19,0.041,36.84,19.15,3,
15.3,TOP,Varus,20,0.043,35.0,18.12,3,
15.3,TOP,Amumu,1,0.002,100.0,20.65,1,LOW_N
15.3,TOP,Kalista,1,0.002,100.0,20.65,1,LOW_N
15.3,TOP,Milio,1,0.002,100.0,20.65,1,LOW_N
15.3,TOP,Qiyana,1,0.002,100.0,20.65,1,LOW_N
15.3,TOP,Taliyah,1,0.002,100.0,20.65,1,LOW_N
15.3,TOP,Talon,1,0.002,100.0,20.65,1,LOW_N
15.3,TOP,Graves,2,0.004,100.0,34.24,1,LOW_N
15.3,TOP,Alistar,3,0.006,100.0,43.85,1,LOW_N
15.3,TOP,Viktor,7,0.015,85.71,48.69,2,LOW_N
15.3,TOP,LeeSin,6,0.013,83.33,43.65,2,LOW_N
15.3,TOP,Nautilus,6,0.013,83.33,43.65,2,LOW_N
15.3,TOP,Lillia,5,0.011,80.0,37.55,2,LOW_N
15.3,TOP,Katarina,4,0.009,75.0,30.06,2,LOW_N
15.3,TOP,MasterYi,4,0.009,75.0,30.06,2,LOW_N
15.3,TOP,Velkoz,4,0.009,75.0,30.06,2,LOW_N
15.3,TOP,Rengar,8,0.017,75.0,40.93,2,LOW_N
15.3,TOP,Rammus,11,0.024,72.73,43.43,2,LOW_N
15.3,TOP,XinZhao,13,0.028,69.23,42.37,3,LOW_N
15.3,TOP,Nilah,3,0.006,66.67,20.77,1,LOW_N
15.3,TOP,Soraka,3,0.006,66.67,20.77,1,LOW_N
15.3,TOP,Tristana,3,0.006,66.67,20.77,1,LOW_N
15.3,TOP,Vex,3,0.006,66.67,20.77,1,LOW_N
15.3,TOP,AurelionSol,6,0.013,66.67,30.0,2,LOW_N
15.3,TOP,Elise,6,0.013,66.67,30.0,2,LOW_N
15.3,TOP,Malzahar,12,0.026,66.67,39.06,3,LOW_N
15.3,TOP,Zed,11,0.024,63.64,35.38,3,LOW_N
15.3,TOP,Ezreal,5,0.011,60.0,23.07,2,LOW_N
15.3,TOP,Fizz,5,0.011,60.0,23.07,2,LOW_N
15.3,TOP,Jhin,5,0.011,60.0,23.07,2,LOW_N
15.3,TOP,Vi,5,0.011,60.0,23.07,2,LOW_N
15.3,TOP,Brand,7,0.015,57.14,25.05,2,LOW_N
15.3,TOP,Anivia,9,0.019,55.56,26.66,2,LOW_N
15.3,TOP,Ivern,2,0.004,50.0,9.45,1,LOW_N
15.3,TOP,Janna,2,0.004,50.0,9.45,1,LOW_N
15.3,TOP,Lulu,2,0.004,50.0,9.45,1,LOW_N
15.3,TOP,Morgana,2,0.004,50.0,9.45,1,LOW_N
15.3,TOP,Nunu,2,0.004,50.0,9.45,1,LOW_N
15.3,TOP,Sivir,2,0.004,50.0,9.45,1,LOW_N
15.3,TOP,Xerath,2,0.004,50.0,9.45,1,LOW_N
15.3,TOP,Annie,4,0.009,50.0,15.0,1,LOW_N
15.3,TOP,Diana,4,0.009,50.0,15.0,2,LOW_N
15.3,TOP,Nocturne,4,0.009,50.0,15.0,2,LOW_N
15.3,TOP,FiddleSticks,8,0.017,50.0,21.52,2,LOW_N
15.3,TOP,Shaco,8,0.017,50.0,21.52,2,LOW_N
15.3,TOP,Ekko,10,0.022,50.0,23.66,2,LOW_N
15.3,TOP,Kaisa,10,0.022,50.0,23.66,2,LOW_N
15.3,TOP,Hwei,9,0.019,44.44,18.88,2,LOW_N
15.3,TOP,Kassadin,7,0.015,42.86,15.82,2,LOW_N
15.3,TOP,Veigar,7,0.015,42.86,15.82,2,LOW_N
15.3,TOP,Ahri,5,0.011,40.0,11.76,2,LOW_N
15.3,TOP,JarvanIV,5,0.011,40.0,11.76,2,LOW_N
15.3,TOP,Neeko,5,0.011,40.0,11.76,2,LOW_N
15.3,TOP,Sejuani,8,0.017,37.5,13.68,2,LOW_N
15.3,TOP,Braum,3,0.006,33.33,6.15,1,LOW_N
15.3,TOP,Draven,3,0.006,33.33,6.15,1,LOW_N
15.3,TOP,Senna,3,0.006,33.33,6.15,1,LOW_N
15.3,TOP,Galio,10,0.022,30.0,10.78,2,LOW_N
15.3,TOP,Azir,7,0.015,28.57,8.22,2,LOW_N
15.3,TOP,Briar,7,0.015,28.57,8.22,2,LOW_N
15.3,TOP,Twitch,4,0.009,25.0,4.56,2,LOW_N
15.3,TOP,Naafiri,9,0.019,22.22,6.32,2,LOW_N
15.3,TOP,Skarner,11,0.024,18.18,5.14,3,LOW_N
15.3,TOP,MissFortune,1,0.002,0.0,0.0,1,LOW_N
15.3,TOP,RekSai,1,0.002,0.0,0.0,1,LOW_N
15.3,TOP,Taric,1,0.002,0.0,0.0,1,LOW_N
15.3,TOP,TwistedFate,1,0.002,0.0,0.0,1,LOW_N
15.3,TOP,Zyra,1,0.002,0.0,0.0,1,LOW_N
15.3,TOP,Lucian,2,0.004,0.0,0.0,1,LOW_N
15.3,TOP,Orianna,2,0.004,0.0,0.0,1,LOW_N
15.3,TOP,Rell,2,0.004,0.0,0.0,1,LOW_N
15.3,TOP,Shyvana,2,0.004,0.0,0.0,1,LOW_N
15.3,TOP,Syndra,2,0.004,0.0,0.0,1,LOW_N
15.3,TOP,Thresh,2,0.004,0.0,0.0,1,LOW_N
15.3,TOP,Zeri,2,0.004,0.0,0.0,1,LOW_N
15.3,TOP,Caitlyn,3,0.006,0.0,0.0,1,LOW_N
