patch,champion,champion_en,role,pick_count,pick_rate_pct,win_rate_pct,wilson_low_pct,flag,riot_15_3_action
15.1,징크스,Jinx,BOT,204,2.138,49.51,42.72,,
15.1,케이틀린,Caitlyn,BOT,176,1.844,49.43,42.14,,
15.1,미스 포츈,MissFortune,BOT,157,1.645,50.32,42.58,,NERF
15.1,진,Jhin,BOT,153,1.603,56.21,48.29,NERF,
15.1,이즈리얼,Ezreal,BOT,148,1.551,51.35,43.37,,
15.1,트위치,Twitch,BOT,110,1.153,39.09,30.49,,
15.1,베인,Vayne,BOT,87,0.912,56.32,45.85,NERF,
15.1,코르키,Corki,BOT,86,0.901,48.84,38.55,,
15.1,드레이븐,Draven,BOT,79,0.828,53.16,42.27,NERF,
15.1,카이사,Kaisa,BOT,70,0.734,57.14,45.48,NERF,
15.1,애쉬,Ashe,BOT,60,0.629,56.67,44.1,NERF,
15.1,루시안,Lucian,BOT,58,0.608,55.17,42.45,NERF,
15.1,사미라,Samira,BOT,58,0.608,44.83,32.75,,BUFF
15.1,바루스,Varus,BOT,47,0.493,48.94,35.28,,BUFF
15.1,시비르,Sivir,BOT,45,0.472,48.89,34.96,,
15.1,자야,Xayah,BOT,40,0.419,30.0,18.07,,
15.1,아펠리오스,Aphelios,BOT,39,0.409,53.85,38.57,,
15.1,칼리스타,Kalista,BOT,32,0.335,34.38,20.41,,
15.1,스몰더,Smolder,BOT,30,0.314,50.0,33.15,,
15.1,트리스타나,Tristana,BOT,24,0.251,41.67,24.47,,
15.1,제리,Zeri,BOT,23,0.241,34.78,18.81,,
15.1,베이가,Veigar,BOT,22,0.231,68.18,47.32,,
15.1,코그모,KogMaw,BOT,19,0.199,47.37,27.33,,
15.1,닐라,Nilah,BOT,19,0.199,63.16,41.04,,
15.1,빅토르,Viktor,BOT,19,0.199,36.84,19.15,,ADJUSTMENT
15.1,럭스,Lux,BOT,17,0.178,58.82,36.01,,
15.1,카서스,Karthus,BOT,16,0.168,37.5,18.48,,
15.1,흐웨이,Hwei,BOT,13,0.136,46.15,23.21,LOW_N,
15.1,세라핀,Seraphine,BOT,13,0.136,38.46,17.71,LOW_N,
15.1,스웨인,Swain,BOT,10,0.105,50.0,23.66,LOW_N,BUFF
15.1,카시오페아,Cassiopeia,BOT,9,0.094,33.33,12.06,LOW_N,NERF
15.1,직스,Ziggs,BOT,9,0.094,33.33,12.06,LOW_N,
15.1,브랜드,Brand,BOT,7,0.073,42.86,15.82,LOW_N,
15.1,야스오,Yasuo,BOT,6,0.063,50.0,18.76,LOW_N,
15.1,신드라,Syndra,BOT,5,0.052,80.0,37.55,LOW_N,
15.1,사이온,Sion,BOT,2,0.021,0.0,0.0,LOW_N,
15.1,아크샨,Akshan,BOT,1,0.01,0.0,0.0,LOW_N,
15.1,암베사,Ambessa,BOT,1,0.01,100.0,20.65,LOW_N,ADJUSTMENT
15.1,애니,Annie,BOT,1,0.01,100.0,20.65,LOW_N,
15.1,아우렐리온 솔,AurelionSol,BOT,1,0.01,0.0,0.0,LOW_N,
15.1,오로라,Aurora,BOT,1,0.01,100.0,20.65,LOW_N,
15.1,브라이어,Briar,BOT,1,0.01,0.0,0.0,LOW_N,
15.1,가렌,Garen,BOT,1,0.01,0.0,0.0,LOW_N,
15.1,그라가스,Gragas,BOT,1,0.01,100.0,20.65,LOW_N,
15.1,하이머딩거,Heimerdinger,BOT,1,0.01,0.0,0.0,LOW_N,
15.1,아이번,Ivern,BOT,1,0.01,100.0,20.65,LOW_N,
15.1,르블랑,Leblanc,BOT,1,0.01,100.0,20.65,LOW_N,
15.1,말파이트,Malphite,BOT,1,0.01,0.0,0.0,LOW_N,
15.1,말자하,Malzahar,BOT,1,0.01,100.0,20.65,LOW_N,
15.1,모르가나,Morgana,BOT,1,0.01,100.0,20.65,LOW_N,
15.1,나피리,Naafiri,BOT,1,0.01,100.0,20.65,LOW_N,
15.1,나미,Nami,BOT,1,0.01,100.0,20.65,LOW_N,
15.1,올라프,Olaf,BOT,1,0.01,100.0,20.65,LOW_N,
15.1,퀸,Quinn,BOT,1,0.01,100.0,20.65,LOW_N,BUFF
15.1,세나,Senna,BOT,1,0.01,100.0,20.65,LOW_N,
15.1,탐 켄치,TahmKench,BOT,1,0.01,100.0,20.65,LOW_N,
15.1,탈리야,Taliyah,BOT,1,0.01,0.0,0.0,LOW_N,
15.1,벨코즈,Velkoz,BOT,1,0.01,100.0,20.65,LOW_N,
15.1,블라디미르,Vladimir,BOT,1,0.01,100.0,20.65,LOW_N,
15.1,요릭,Yorick,BOT,1,0.01,100.0,20.65,LOW_N,
15.1,조이,Zoe,BOT,1,0.01,100.0,20.65,LOW_N,
15.1,자이라,Zyra,BOT,1,0.01,0.0,0.0,LOW_N,
15.1,비에고,Viego,JUNGLE,171,1.792,49.12,41.73,,NERF
15.1,오공,MonkeyKing,JUNGLE,139,1.457,53.24,44.97,NERF,NERF
15.1,헤카림,Hecarim,JUNGLE,96,1.006,45.83,36.22,,
15.1,자르반 4세,JarvanIV,JUNGLE,85,0.891,49.41,39.04,,
15.1,리 신,LeeSin,JUNGLE,77,0.807,55.84,44.74,NERF,
15.1,녹턴,Nocturne,JUNGLE,75,0.786,52.0,40.87,NERF,
15.1,아무무,Amumu,JUNGLE,68,0.713,42.65,31.6,,
15.1,케인,Kayn,JUNGLE,68,0.713,48.53,37.05,,BUFF
15.1,다이애나,Diana,JUNGLE,63,0.66,46.03,34.31,,
15.1,바이,Vi,JUNGLE,55,0.576,52.73,39.79,NERF,
15.1,스카너,Skarner,JUNGLE,53,0.555,54.72,41.45,NERF,NERF
15.1,렝가,Rengar,JUNGLE,49,0.513,44.9,31.85,,
15.1,자크,Zac,JUNGLE,44,0.461,50.0,35.83,,
15.1,카직스,Khazix,JUNGLE,43,0.451,46.51,32.51,,
15.1,카서스,Karthus,JUNGLE,41,0.43,36.59,23.59,,
15.1,마스터 이,MasterYi,JUNGLE,41,0.43,51.22,36.48,,
15.1,누누와 윌럼프,Nunu,JUNGLE,37,0.388,64.86,48.76,,
15.1,샤코,Shaco,JUNGLE,36,0.377,55.56,39.58,,
15.1,신 짜오,XinZhao,JUNGLE,36,0.377,30.56,18.0,,
15.1,그레이브즈,Graves,JUNGLE,34,0.356,50.0,34.07,,
15.1,탈론,Talon,JUNGLE,33,0.346,63.64,46.62,,
15.1,엘리스,Elise,JUNGLE,31,0.325,41.94,26.42,,ADJUSTMENT
15.1,킨드레드,Kindred,JUNGLE,29,0.304,51.72,34.43,,
15.1,벨베스,Belveth,JUNGLE,26,0.272,53.85,35.46,,
15.1,워윅,Warwick,JUNGLE,26,0.272,73.08,53.92,BUFF_HIDDEN_STRONG,
15.1,이블린,Evelynn,JUNGLE,25,0.262,44.0,26.67,,BUFF
15.1,에코,Ekko,JUNGLE,24,0.251,45.83,27.89,,
15.1,릴리아,Lillia,JUNGLE,24,0.251,41.67,24.47,,
15.1,FiddleSticks,FiddleSticks,JUNGLE,23,0.241,47.83,29.24,,
15.1,세주아니,Sejuani,JUNGLE,23,0.241,52.17,32.96,,
15.1,우디르,Udyr,JUNGLE,22,0.231,40.91,23.26,,
15.1,볼리베어,Volibear,JUNGLE,22,0.231,45.45,26.92,,
15.1,브라이어,Briar,JUNGLE,21,0.22,47.62,28.34,,
15.1,니달리,Nidalee,JUNGLE,19,0.199,36.84,19.15,,
15.1,렉사이,RekSai,JUNGLE,19,0.199,47.37,27.33,,
15.1,그웬,Gwen,JUNGLE,16,0.168,62.5,38.64,,
15.1,제드,Zed,JUNGLE,13,0.136,61.54,35.52,LOW_N,
15.1,쉬바나,Shyvana,JUNGLE,12,0.126,66.67,39.06,LOW_N,
15.1,그라가스,Gragas,JUNGLE,10,0.105,50.0,23.66,LOW_N,
15.1,아이번,Ivern,JUNGLE,10,0.105,50.0,23.66,LOW_N,
15.1,판테온,Pantheon,JUNGLE,10,0.105,40.0,16.82,LOW_N,
15.1,암베사,Ambessa,JUNGLE,9,0.094,55.56,26.66,LOW_N,ADJUSTMENT
15.1,람머스,Rammus,JUNGLE,8,0.084,50.0,21.52,LOW_N,
15.1,브랜드,Brand,JUNGLE,6,0.063,33.33,9.68,LOW_N,
15.1,사일러스,Sylas,JUNGLE,6,0.063,83.33,43.65,LOW_N,
15.1,티모,Teemo,JUNGLE,5,0.052,40.0,11.76,LOW_N,NERF
15.1,자이라,Zyra,JUNGLE,5,0.052,20.0,3.62,LOW_N,
15.1,문도 박사,DrMundo,JUNGLE,4,0.042,75.0,30.06,LOW_N,
15.1,마오카이,Maokai,JUNGLE,4,0.042,75.0,30.06,LOW_N,
15.1,키아나,Qiyana,JUNGLE,4,0.042,75.0,30.06,LOW_N,
15.1,모르가나,Morgana,JUNGLE,3,0.031,66.67,20.77,LOW_N,
15.1,나피리,Naafiri,JUNGLE,3,0.031,33.33,6.15,LOW_N,
15.1,요릭,Yorick,JUNGLE,3,0.031,66.67,20.77,LOW_N,
15.1,아트록스,Aatrox,JUNGLE,2,0.021,50.0,9.45,LOW_N,
15.1,모데카이저,Mordekaiser,JUNGLE,2,0.021,100.0,34.24,LOW_N,
15.1,뽀삐,Poppy,JUNGLE,2,0.021,50.0,9.45,LOW_N,
15.1,럼블,Rumble,JUNGLE,2,0.021,0.0,0.0,LOW_N,
15.1,탈리야,Taliyah,JUNGLE,2,0.021,100.0,34.24,LOW_N,
15.1,애쉬,Ashe,JUNGLE,1,0.01,100.0,20.65,LOW_N,
15.1,다리우스,Darius,JUNGLE,1,0.01,100.0,20.65,LOW_N,
15.1,룰루,Lulu,JUNGLE,1,0.01,0.0,0.0,LOW_N,
15.1,말파이트,Malphite,JUNGLE,1,0.01,100.0,20.65,LOW_N,
15.1,나서스,Nasus,JUNGLE,1,0.01,100.0,20.65,LOW_N,BUFF
15.1,올라프,Olaf,JUNGLE,1,0.01,100.0,20.65,LOW_N,
15.1,리븐,Riven,JUNGLE,1,0.01,100.0,20.65,LOW_N,
15.1,스몰더,Smolder,JUNGLE,1,0.01,0.0,0.0,LOW_N,
15.1,유미,Yuumi,JUNGLE,1,0.01,100.0,20.65,LOW_N,
15.1,빅토르,Viktor,MID,145,1.519,51.72,43.65,,ADJUSTMENT
15.1,카타리나,Katarina,MID,106,1.111,47.17,37.93,,
15.1,신드라,Syndra,MID,104,1.09,44.23,35.06,,
15.1,블라디미르,Vladimir,MID,88,0.922,44.32,34.39,,
15.1,사일러스,Sylas,MID,84,0.88,57.14,46.48,NERF,
15.1,아리,Ahri,MID,70,0.734,41.43,30.63,,
15.1,럭스,Lux,MID,68,0.713,52.94,41.24,NERF,
15.1,말자하,Malzahar,MID,58,0.608,55.17,42.45,NERF,
15.1,리산드라,Lissandra,MID,54,0.566,42.59,30.33,,
15.1,오로라,Aurora,MID,51,0.534,47.06,34.05,,
15.1,요네,Yone,MID,51,0.534,45.1,32.27,,
15.1,오리아나,Orianna,MID,49,0.513,51.02,37.47,,
15.1,흐웨이,Hwei,MID,48,0.503,47.92,34.47,,
15.1,제라스,Xerath,MID,46,0.482,41.3,28.29,,
15.1,야스오,Yasuo,MID,46,0.482,47.83,34.12,,
15.1,카시오페아,Cassiopeia,MID,45,0.472,57.78,43.3,NERF,NERF
15.1,갈리오,Galio,MID,42,0.44,57.14,42.21,NERF,NERF
15.1,베이가,Veigar,MID,42,0.44,57.14,42.21,NERF,
15.1,카사딘,Kassadin,MID,40,0.419,47.5,32.94,,
15.1,아칼리,Akali,MID,38,0.398,44.74,30.15,,
15.1,제드,Zed,MID,33,0.346,51.52,35.22,,
15.1,아크샨,Akshan,MID,31,0.325,38.71,23.73,,
15.1,르블랑,Leblanc,MID,31,0.325,61.29,43.82,NERF,
15.1,아우렐리온 솔,AurelionSol,MID,28,0.293,39.29,23.57,,
15.1,다이애나,Diana,MID,27,0.283,48.15,30.74,,
15.1,케일,Kayle,MID,27,0.283,51.85,33.99,,
15.1,키아나,Qiyana,MID,27,0.283,51.85,33.99,,
15.1,이렐리아,Irelia,MID,26,0.272,38.46,22.43,,
15.1,애니비아,Anivia,MID,25,0.262,48.0,30.03,,
15.1,조이,Zoe,MID,25,0.262,52.0,33.5,,
15.1,스웨인,Swain,MID,21,0.22,80.95,60.0,BUFF_HIDDEN_STRONG,BUFF
15.1,벨코즈,Velkoz,MID,20,0.21,55.0,34.21,,
15.1,벡스,Vex,MID,18,0.189,50.0,29.03,,
15.1,라이즈,Ryze,MID,17,0.178,47.06,26.16,,
15.1,트위스티드 페이트,TwistedFate,MID,17,0.178,52.94,30.96,,
15.1,피즈,Fizz,MID,15,0.157,26.67,10.9,,
15.1,탈론,Talon,MID,15,0.157,40.0,19.82,,
15.1,에코,Ekko,MID,14,0.147,28.57,11.72,LOW_N,
15.1,제이스,Jayce,MID,14,0.147,50.0,26.8,LOW_N,NERF
15.1,코르키,Corki,MID,13,0.136,46.15,23.21,LOW_N,
15.1,애니,Annie,MID,11,0.115,27.27,9.75,LOW_N,
15.1,탈리야,Taliyah,MID,11,0.115,54.55,28.01,LOW_N,
15.1,리븐,Riven,MID,10,0.105,60.0,31.27,LOW_N,
15.1,그웬,Gwen,MID,9,0.094,55.56,26.66,LOW_N,
15.1,말파이트,Malphite,MID,8,0.084,37.5,13.68,LOW_N,
15.1,스몰더,Smolder,MID,8,0.084,25.0,7.15,LOW_N,
15.1,아지르,Azir,MID,7,0.073,28.57,8.22,LOW_N,
15.1,카르마,Karma,MID,7,0.073,57.14,25.05,LOW_N,
15.1,직스,Ziggs,MID,7,0.073,42.86,15.82,LOW_N,
15.1,초가스,Chogath,MID,6,0.063,50.0,18.76,LOW_N,
15.1,가렌,Garen,MID,6,0.063,50.0,18.76,LOW_N,
15.1,나피리,Naafiri,MID,6,0.063,33.33,9.68,LOW_N,
15.1,세라핀,Seraphine,MID,6,0.063,66.67,30.0,LOW_N,
15.1,케넨,Kennen,MID,5,0.052,80.0,37.55,LOW_N,
15.1,암베사,Ambessa,MID,4,0.042,25.0,4.56,LOW_N,ADJUSTMENT
15.1,진,Jhin,MID,4,0.042,50.0,15.0,LOW_N,
15.1,니코,Neeko,MID,4,0.042,25.0,4.56,LOW_N,ADJUSTMENT
15.1,그라가스,Gragas,MID,3,0.031,33.33,6.15,LOW_N,
15.1,코그모,KogMaw,MID,3,0.031,66.67,20.77,LOW_N,
15.1,오공,MonkeyKing,MID,3,0.031,0.0,0.0,LOW_N,NERF
15.1,모르가나,Morgana,MID,3,0.031,100.0,43.85,LOW_N,
15.1,판테온,Pantheon,MID,3,0.031,100.0,43.85,LOW_N,
15.1,탐 켄치,TahmKench,MID,3,0.031,33.33,6.15,LOW_N,
15.1,트린다미어,Tryndamere,MID,3,0.031,66.67,20.77,LOW_N,
15.1,질리언,Zilean,MID,3,0.031,33.33,6.15,LOW_N,
15.1,브랜드,Brand,MID,2,0.021,50.0,9.45,LOW_N,
15.1,케이틀린,Caitlyn,MID,2,0.021,100.0,34.24,LOW_N,
15.1,하이머딩거,Heimerdinger,MID,2,0.021,50.0,9.45,LOW_N,
15.1,세트,Sett,MID,2,0.021,50.0,9.45,LOW_N,
15.1,쉬바나,Shyvana,MID,2,0.021,100.0,34.24,LOW_N,
15.1,신지드,Singed,MID,2,0.021,0.0,0.0,LOW_N,
15.1,트리스타나,Tristana,MID,2,0.021,50.0,9.45,LOW_N,
15.1,바루스,Varus,MID,2,0.021,50.0,9.45,LOW_N,BUFF
15.1,볼리베어,Volibear,MID,2,0.021,0.0,0.0,LOW_N,
15.1,워윅,Warwick,MID,2,0.021,100.0,34.24,LOW_N,
15.1,요릭,Yorick,MID,2,0.021,50.0,9.45,LOW_N,
15.1,아트록스,Aatrox,MID,1,0.01,100.0,20.65,LOW_N,
15.1,카밀,Camille,MID,1,0.01,100.0,20.65,LOW_N,
15.1,문도 박사,DrMundo,MID,1,0.01,0.0,0.0,LOW_N,
15.1,FiddleSticks,FiddleSticks,MID,1,0.01,100.0,20.65,LOW_N,
15.1,갱플랭크,Gangplank,MID,1,0.01,100.0,20.65,LOW_N,
15.1,일라오이,Illaoi,MID,1,0.01,100.0,20.65,LOW_N,
15.1,카이사,Kaisa,MID,1,0.01,100.0,20.65,LOW_N,
15.1,카직스,Khazix,MID,1,0.01,100.0,20.65,LOW_N,
15.1,클레드,Kled,MID,1,0.01,100.0,20.65,LOW_N,
15.1,모데카이저,Mordekaiser,MID,1,0.01,0.0,0.0,LOW_N,
15.1,나서스,Nasus,MID,1,0.01,100.0,20.65,LOW_N,BUFF
15.1,누누와 윌럼프,Nunu,MID,1,0.01,0.0,0.0,LOW_N,
15.1,올라프,Olaf,MID,1,0.01,100.0,20.65,LOW_N,
15.1,파이크,Pyke,MID,1,0.01,100.0,20.65,LOW_N,
15.1,레넥톤,Renekton,MID,1,0.01,0.0,0.0,LOW_N,
15.1,쉔,Shen,MID,1,0.01,0.0,0.0,LOW_N,
15.1,사이온,Sion,MID,1,0.01,100.0,20.65,LOW_N,
15.1,시비르,Sivir,MID,1,0.01,100.0,20.65,LOW_N,
15.1,소라카,Soraka,MID,1,0.01,0.0,0.0,LOW_N,
15.1,타릭,Taric,MID,1,0.01,100.0,20.65,LOW_N,
15.1,트위치,Twitch,MID,1,0.01,100.0,20.65,LOW_N,
15.1,우디르,Udyr,MID,1,0.01,100.0,20.65,LOW_N,
15.1,우르곳,Urgot,MID,1,0.01,100.0,20.65,LOW_N,
15.1,베인,Vayne,MID,1,0.01,100.0,20.65,LOW_N,
15.1,비에고,Viego,MID,1,0.01,100.0,20.65,LOW_N,NERF
15.1,자크,Zac,MID,1,0.01,0.0,0.0,LOW_N,
15.1,룰루,Lulu,SUPPORT,213,2.232,52.11,45.43,NERF,
15.1,나미,Nami,SUPPORT,142,1.488,47.89,39.84,,
15.1,잔나,Janna,SUPPORT,119,1.247,45.38,36.72,,
15.1,쓰레쉬,Thresh,SUPPORT,93,0.975,41.94,32.42,,BUFF
15.1,카르마,Karma,SUPPORT,86,0.901,48.84,38.55,,
15.1,밀리오,Milio,SUPPORT,82,0.859,59.76,48.94,NERF,
15.1,브라움,Braum,SUPPORT,71,0.744,57.75,46.15,NERF,
15.1,레오나,Leona,SUPPORT,65,0.681,49.23,37.46,,
15.1,렐,Rell,SUPPORT,65,0.681,50.77,38.92,,NERF
15.1,노틸러스,Nautilus,SUPPORT,63,0.66,50.79,38.76,,
15.1,유미,Yuumi,SUPPORT,52,0.545,36.54,24.8,,
15.1,파이크,Pyke,SUPPORT,51,0.534,33.33,21.97,,
15.1,세나,Senna,SUPPORT,50,0.524,58.0,44.23,NERF,
15.1,소라카,Soraka,SUPPORT,50,0.524,42.0,29.37,,
15.1,럭스,Lux,SUPPORT,49,0.513,40.82,28.22,,
15.1,블리츠크랭크,Blitzcrank,SUPPORT,47,0.493,51.06,37.24,,
15.1,탐 켄치,TahmKench,SUPPORT,42,0.44,54.76,39.95,NERF,
15.1,질리언,Zilean,SUPPORT,36,0.377,52.78,37.01,NERF,
15.1,벨코즈,Velkoz,SUPPORT,35,0.367,48.57,32.99,,
15.1,알리스타,Alistar,SUPPORT,33,0.346,36.36,22.19,,
15.1,마오카이,Maokai,SUPPORT,32,0.335,71.88,54.63,BUFF_HIDDEN_STRONG,
15.1,소나,Sona,SUPPORT,32,0.335,43.75,28.17,,
15.1,자이라,Zyra,SUPPORT,32,0.335,37.5,22.93,,
15.1,세라핀,Seraphine,SUPPORT,31,0.325,45.16,29.16,,
15.1,제라스,Xerath,SUPPORT,30,0.314,63.33,45.51,,
15.1,라칸,Rakan,SUPPORT,29,0.304,44.83,28.41,,BUFF
15.1,엘리스,Elise,SUPPORT,28,0.293,53.57,35.81,,ADJUSTMENT
15.1,모르가나,Morgana,SUPPORT,27,0.283,40.74,24.51,,
15.1,바드,Bard,SUPPORT,26,0.272,38.46,22.43,,
15.1,뽀삐,Poppy,SUPPORT,26,0.272,46.15,28.76,,
15.1,레나타 글라스크,Renata,SUPPORT,17,0.178,47.06,26.16,,
15.1,브랜드,Brand,SUPPORT,15,0.157,40.0,19.82,,
15.1,조이,Zoe,SUPPORT,13,0.136,46.15,23.21,LOW_N,
15.1,니코,Neeko,SUPPORT,12,0.126,58.33,31.95,LOW_N,ADJUSTMENT
15.1,판테온,Pantheon,SUPPORT,11,0.115,45.45,21.27,LOW_N,
15.1,타릭,Taric,SUPPORT,11,0.115,45.45,21.27,LOW_N,
15.1,스웨인,Swain,SUPPORT,10,0.105,50.0,23.66,LOW_N,BUFF
15.1,사일러스,Sylas,SUPPORT,9,0.094,44.44,18.88,LOW_N,
15.1,갈리오,Galio,SUPPORT,7,0.073,28.57,8.22,LOW_N,NERF
15.1,FiddleSticks,FiddleSticks,SUPPORT,6,0.063,66.67,30.0,LOW_N,
15.1,샤코,Shaco,SUPPORT,6,0.063,50.0,18.76,LOW_N,
15.1,카밀,Camille,SUPPORT,5,0.052,40.0,11.76,LOW_N,
15.1,쉔,Shen,SUPPORT,4,0.042,25.0,4.56,LOW_N,
15.1,애니,Annie,SUPPORT,3,0.031,0.0,0.0,LOW_N,
15.1,말파이트,Malphite,SUPPORT,3,0.031,33.33,6.15,LOW_N,
15.1,티모,Teemo,SUPPORT,3,0.031,100.0,43.85,LOW_N,NERF
15.1,자크,Zac,SUPPORT,3,0.031,0.0,0.0,LOW_N,
15.1,애니비아,Anivia,SUPPORT,2,0.021,0.0,0.0,LOW_N,
15.1,하이머딩거,Heimerdinger,SUPPORT,2,0.021,0.0,0.0,LOW_N,
15.1,아이번,Ivern,SUPPORT,2,0.021,50.0,9.45,LOW_N,
15.1,르블랑,Leblanc,SUPPORT,2,0.021,0.0,0.0,LOW_N,
15.1,리 신,LeeSin,SUPPORT,2,0.021,50.0,9.45,LOW_N,
15.1,리산드라,Lissandra,SUPPORT,2,0.021,50.0,9.45,LOW_N,
15.1,미스 포츈,MissFortune,SUPPORT,2,0.021,50.0,9.45,LOW_N,NERF
15.1,누누와 윌럼프,Nunu,SUPPORT,2,0.021,50.0,9.45,LOW_N,
15.1,트위치,Twitch,SUPPORT,2,0.021,100.0,34.24,LOW_N,
15.1,아무무,Amumu,SUPPORT,1,0.01,0.0,0.0,LOW_N,
15.1,애쉬,Ashe,SUPPORT,1,0.01,0.0,0.0,LOW_N,
15.1,에코,Ekko,SUPPORT,1,0.01,0.0,0.0,LOW_N,
15.1,이즈리얼,Ezreal,SUPPORT,1,0.01,0.0,0.0,LOW_N,
15.1,그라가스,Gragas,SUPPORT,1,0.01,100.0,20.65,LOW_N,
15.1,흐웨이,Hwei,SUPPORT,1,0.01,100.0,20.65,LOW_N,
15.1,자르반 4세,JarvanIV,SUPPORT,1,0.01,0.0,0.0,LOW_N,
15.1,킨드레드,Kindred,SUPPORT,1,0.01,0.0,0.0,LOW_N,
15.1,말자하,Malzahar,SUPPORT,1,0.01,100.0,20.65,LOW_N,
15.1,오공,MonkeyKing,SUPPORT,1,0.01,100.0,20.65,LOW_N,NERF
15.1,나서스,Nasus,SUPPORT,1,0.01,100.0,20.65,LOW_N,BUFF
15.1,오리아나,Orianna,SUPPORT,1,0.01,0.0,0.0,LOW_N,
15.1,키아나,Qiyana,SUPPORT,1,0.01,100.0,20.65,LOW_N,
15.1,신지드,Singed,SUPPORT,1,0.01,0.0,0.0,LOW_N,
15.1,신드라,Syndra,SUPPORT,1,0.01,100.0,20.65,LOW_N,
15.1,트위스티드 페이트,TwistedFate,SUPPORT,1,0.01,0.0,0.0,LOW_N,
15.1,바루스,Varus,SUPPORT,1,0.01,0.0,0.0,LOW_N,BUFF
15.1,벡스,Vex,SUPPORT,1,0.01,0.0,0.0,LOW_N,
15.1,야스오,Yasuo,SUPPORT,1,0.01,0.0,0.0,LOW_N,
15.1,리븐,Riven,TOP,87,0.912,49.43,39.17,,
15.1,다리우스,Darius,TOP,83,0.87,46.99,36.62,,
15.1,모데카이저,Mordekaiser,TOP,73,0.765,36.99,26.82,,
15.1,초가스,Chogath,TOP,71,0.744,33.8,23.88,,
15.1,가렌,Garen,TOP,57,0.597,54.39,41.59,NERF,
15.1,암베사,Ambessa,TOP,55,0.576,47.27,34.69,,ADJUSTMENT
15.1,세트,Sett,TOP,55,0.576,52.73,39.79,NERF,
15.1,말파이트,Malphite,TOP,54,0.566,48.15,35.39,,
15.1,아트록스,Aatrox,TOP,53,0.555,41.51,29.26,,
15.1,크산테,KSante,TOP,53,0.555,47.17,34.38,,
15.1,요네,Yone,TOP,50,0.524,46.0,32.97,,
15.1,그라가스,Gragas,TOP,49,0.513,53.06,39.38,NERF,
15.1,이렐리아,Irelia,TOP,49,0.513,53.06,39.38,NERF,
15.1,잭스,Jax,TOP,48,0.503,52.08,38.33,NERF,BUFF
15.1,블라디미르,Vladimir,TOP,45,0.472,53.33,39.08,NERF,
15.1,우르곳,Urgot,TOP,44,0.461,47.73,33.75,,
15.1,볼리베어,Volibear,TOP,44,0.461,52.27,37.94,NERF,
15.1,나르,Gnar,TOP,42,0.44,45.24,31.22,,
15.1,그웬,Gwen,TOP,41,0.43,46.34,32.06,,
15.1,케일,Kayle,TOP,39,0.409,41.03,27.08,,
15.1,일라오이,Illaoi,TOP,38,0.398,60.53,44.72,NERF,
15.1,쉔,Shen,TOP,38,0.398,47.37,32.48,,
15.1,사이온,Sion,TOP,37,0.388,40.54,26.35,,
15.1,탐 켄치,TahmKench,TOP,37,0.388,51.35,35.89,,
15.1,레넥톤,Renekton,TOP,34,0.356,41.18,26.37,,
15.1,마오카이,Maokai,TOP,33,0.346,54.55,37.99,NERF,
15.1,오른,Ornn,TOP,32,0.335,50.0,33.63,,
15.1,제이스,Jayce,TOP,31,0.325,38.71,23.73,,NERF
15.1,카밀,Camille,TOP,30,0.314,46.67,30.23,,
15.1,피오라,Fiora,TOP,30,0.314,66.67,48.78,,
15.1,문도 박사,DrMundo,TOP,28,0.293,50.0,32.63,,
15.1,요릭,Yorick,TOP,27,0.283,51.85,33.99,,
15.1,나서스,Nasus,TOP,25,0.262,48.0,30.03,,BUFF
15.1,케넨,Kennen,TOP,24,0.251,50.0,31.43,,
15.1,신지드,Singed,TOP,23,0.241,52.17,32.96,,
15.1,트런들,Trundle,TOP,23,0.241,47.83,29.24,,
15.1,갱플랭크,Gangplank,TOP,21,0.22,28.57,13.81,,
15.1,티모,Teemo,TOP,21,0.22,52.38,32.37,,NERF
15.1,워윅,Warwick,TOP,21,0.22,47.62,28.34,,
15.1,오로라,Aurora,TOP,20,0.21,35.0,18.12,,
15.1,야스오,Yasuo,TOP,20,0.21,60.0,38.66,,
15.1,판테온,Pantheon,TOP,19,0.199,26.32,11.81,,
15.1,트린다미어,Tryndamere,TOP,18,0.189,61.11,38.62,,
15.1,카시오페아,Cassiopeia,TOP,16,0.168,56.25,33.18,,NERF
15.1,오공,MonkeyKing,TOP,15,0.157,73.33,48.05,,NERF
15.1,베인,Vayne,TOP,12,0.126,75.0,46.77,LOW_N,
15.1,클레드,Kled,TOP,11,0.115,45.45,21.27,LOW_N,
15.1,올라프,Olaf,TOP,10,0.105,60.0,31.27,LOW_N,
15.1,퀸,Quinn,TOP,10,0.105,60.0,31.27,LOW_N,BUFF
15.1,아칼리,Akali,TOP,9,0.094,44.44,18.88,LOW_N,
15.1,자크,Zac,TOP,9,0.094,66.67,35.42,LOW_N,
15.1,아크샨,Akshan,TOP,7,0.073,57.14,25.05,LOW_N,
15.1,하이머딩거,Heimerdinger,TOP,7,0.073,57.14,25.05,LOW_N,
15.1,뽀삐,Poppy,TOP,7,0.073,57.14,25.05,LOW_N,
15.1,라이즈,Ryze,TOP,7,0.073,71.43,35.89,LOW_N,
15.1,스몰더,Smolder,TOP,7,0.073,57.14,25.05,LOW_N,
15.1,사일러스,Sylas,TOP,7,0.073,28.57,8.22,LOW_N,
15.1,럼블,Rumble,TOP,6,0.063,50.0,18.76,LOW_N,
15.1,갈리오,Galio,TOP,5,0.052,20.0,3.62,LOW_N,NERF
15.1,말자하,Malzahar,TOP,5,0.052,60.0,23.07,LOW_N,
15.1,스카너,Skarner,TOP,5,0.052,60.0,23.07,LOW_N,NERF
15.1,스웨인,Swain,TOP,5,0.052,60.0,23.07,LOW_N,BUFF
15.1,우디르,Udyr,TOP,5,0.052,80.0,37.55,LOW_N,
15.1,바루스,Varus,TOP,5,0.052,20.0,3.62,LOW_N,BUFF
15.1,케인,Kayn,TOP,4,0.042,50.0,15.0,LOW_N,BUFF
15.1,애니비아,Anivia,TOP,3,0.031,66.67,20.77,LOW_N,
15.1,브라이어,Briar,TOP,3,0.031,100.0,43.85,LOW_N,
15.1,FiddleSticks,FiddleSticks,TOP,3,0.031,66.67,20.77,LOW_N,
15.1,리산드라,Lissandra,TOP,3,0.031,33.33,6.15,LOW_N,
15.1,니코,Neeko,TOP,3,0.031,0.0,0.0,LOW_N,ADJUSTMENT
15.1,신 짜오,XinZhao,TOP,3,0.031,66.67,20.77,LOW_N,
15.1,제드,Zed,TOP,3,0.031,66.67,20.77,LOW_N,
15.1,카르마,Karma,TOP,2,0.021,50.0,9.45,LOW_N,
15.1,렝가,Rengar,TOP,2,0.021,0.0,0.0,LOW_N,
15.1,세주아니,Sejuani,TOP,2,0.021,50.0,9.45,LOW_N,
15.1,쉬바나,Shyvana,TOP,2,0.021,50.0,9.45,LOW_N,
15.1,바이,Vi,TOP,2,0.021,50.0,9.45,LOW_N,
15.1,빅토르,Viktor,TOP,2,0.021,100.0,34.24,LOW_N,ADJUSTMENT
15.1,애쉬,Ashe,TOP,1,0.01,0.0,0.0,LOW_N,
15.1,브랜드,Brand,TOP,1,0.01,100.0,20.65,LOW_N,
15.1,다이애나,Diana,TOP,1,0.01,0.0,0.0,LOW_N,
15.1,엘리스,Elise,TOP,1,0.01,100.0,20.65,LOW_N,ADJUSTMENT
15.1,피즈,Fizz,TOP,1,0.01,0.0,0.0,LOW_N,
15.1,그레이브즈,Graves,TOP,1,0.01,100.0,20.65,LOW_N,
15.1,아이번,Ivern,TOP,1,0.01,100.0,20.65,LOW_N,
15.1,칼리스타,Kalista,TOP,1,0.01,100.0,20.65,LOW_N,
15.1,카서스,Karthus,TOP,1,0.01,100.0,20.65,LOW_N,
15.1,르블랑,Leblanc,TOP,1,0.01,100.0,20.65,LOW_N,
15.1,리 신,LeeSin,TOP,1,0.01,100.0,20.65,LOW_N,
15.1,릴리아,Lillia,TOP,1,0.01,0.0,0.0,LOW_N,
15.1,마스터 이,MasterYi,TOP,1,0.01,100.0,20.65,LOW_N,
15.1,나피리,Naafiri,TOP,1,0.01,0.0,0.0,LOW_N,
15.1,키아나,Qiyana,TOP,1,0.01,0.0,0.0,LOW_N,
15.1,람머스,Rammus,TOP,1,0.01,0.0,0.0,LOW_N,
15.1,렐,Rell,TOP,1,0.01,100.0,20.65,LOW_N,NERF
15.1,탈리야,Taliyah,TOP,1,0.01,100.0,20.65,LOW_N,
15.1,탈론,Talon,TOP,1,0.01,100.0,20.65,LOW_N,
15.1,트위치,Twitch,TOP,1,0.01,100.0,20.65,LOW_N,
15.1,베이가,Veigar,TOP,1,0.01,100.0,20.65,LOW_N,
15.1,벡스,Vex,TOP,1,0.01,100.0,20.65,LOW_N,
15.1,제라스,Xerath,TOP,1,0.01,0.0,0.0,LOW_N,
15.1,제리,Zeri,TOP,1,0.01,0.0,0.0,LOW_N,
15.1,질리언,Zilean,TOP,1,0.01,100.0,20.65,LOW_N,
15.1,조이,Zoe,TOP,1,0.01,0.0,0.0,LOW_N,
15.3,징크스,Jinx,BOT,1171,2.523,52.26,49.4,NERF,
15.3,케이틀린,Caitlyn,BOT,859,1.851,50.41,47.07,,
15.3,이즈리얼,Ezreal,BOT,758,1.633,50.26,46.71,,
15.3,진,Jhin,BOT,654,1.409,49.85,46.03,,
15.3,베인,Vayne,BOT,616,1.327,51.95,48.0,,
15.3,트위치,Twitch,BOT,578,1.246,53.98,49.9,NERF,
15.3,미스 포츈,MissFortune,BOT,556,1.198,50.36,46.22,,NERF
15.3,카이사,Kaisa,BOT,506,1.09,47.83,43.51,,
15.3,바루스,Varus,BOT,310,0.668,52.26,46.7,NERF,BUFF
15.3,드레이븐,Draven,BOT,292,0.629,44.52,38.93,,
15.3,사미라,Samira,BOT,273,0.588,52.75,46.83,NERF,BUFF
15.3,트리스타나,Tristana,BOT,273,0.588,50.18,44.29,,
15.3,아펠리오스,Aphelios,BOT,242,0.521,49.17,42.94,,
15.3,코르키,Corki,BOT,220,0.474,42.73,36.37,,
15.3,코그모,KogMaw,BOT,217,0.468,55.76,49.11,NERF,
15.3,루시안,Lucian,BOT,199,0.429,47.74,40.91,,
15.3,시비르,Sivir,BOT,197,0.425,52.28,45.33,NERF,
15.3,스몰더,Smolder,BOT,191,0.412,50.26,43.24,,
15.3,애쉬,Ashe,BOT,173,0.373,50.29,42.91,,
15.3,자야,Xayah,BOT,157,0.338,43.31,35.81,,
15.3,닐라,Nilah,BOT,113,0.243,54.87,45.68,NERF,
15.3,칼리스타,Kalista,BOT,109,0.235,50.46,41.22,,
15.3,제리,Zeri,BOT,100,0.215,56.0,46.23,,
15.3,멜,Mel,BOT,84,0.181,47.62,37.28,,ADJUSTMENT
15.3,스웨인,Swain,BOT,52,0.112,57.69,44.19,,BUFF
15.3,직스,Ziggs,BOT,47,0.101,38.3,25.79,,
15.3,야스오,Yasuo,BOT,40,0.086,37.5,24.22,,
15.3,베이가,Veigar,BOT,35,0.075,54.29,38.19,,
15.3,흐웨이,Hwei,BOT,32,0.069,53.13,36.45,,
15.3,럭스,Lux,BOT,32,0.069,46.88,30.87,,
15.3,카서스,Karthus,BOT,30,0.065,70.0,52.12,BUFF_HIDDEN_STRONG,
15.3,벨코즈,Velkoz,BOT,29,0.062,55.17,37.55,,
15.3,브랜드,Brand,BOT,27,0.058,70.37,51.52,BUFF_HIDDEN_STRONG,
15.3,세라핀,Seraphine,BOT,22,0.047,50.0,30.72,,
15.3,빅토르,Viktor,BOT,15,0.032,40.0,19.82,,ADJUSTMENT
15.3,하이머딩거,Heimerdinger,BOT,10,0.022,60.0,31.27,LOW_N,
15.3,카시오페아,Cassiopeia,BOT,8,0.017,37.5,13.68,LOW_N,NERF
15.3,신드라,Syndra,BOT,8,0.017,62.5,30.57,LOW_N,
15.3,탐 켄치,TahmKench,BOT,7,0.015,57.14,25.05,LOW_N,
15.3,제라스,Xerath,BOT,6,0.013,83.33,43.65,LOW_N,
15.3,자이라,Zyra,BOT,6,0.013,50.0,18.76,LOW_N,
15.3,아크샨,Akshan,BOT,5,0.011,60.0,23.07,LOW_N,
15.3,카타리나,Katarina,BOT,5,0.011,40.0,11.76,LOW_N,
15.3,세나,Senna,BOT,5,0.011,60.0,23.07,LOW_N,
15.3,말자하,Malzahar,BOT,4,0.009,25.0,4.56,LOW_N,
15.3,애니,Annie,BOT,3,0.006,33.33,6.15,LOW_N,
15.3,오로라,Aurora,BOT,3,0.006,66.67,20.77,LOW_N,
15.3,퀸,Quinn,BOT,3,0.006,66.67,20.77,LOW_N,BUFF
15.3,요네,Yone,BOT,3,0.006,66.67,20.77,LOW_N,
15.3,애니비아,Anivia,BOT,2,0.004,50.0,9.45,LOW_N,
15.3,다이애나,Diana,BOT,2,0.004,50.0,9.45,LOW_N,
15.3,가렌,Garen,BOT,2,0.004,50.0,9.45,LOW_N,
15.3,카르마,Karma,BOT,2,0.004,0.0,0.0,LOW_N,
15.3,오리아나,Orianna,BOT,2,0.004,50.0,9.45,LOW_N,
15.3,사이온,Sion,BOT,2,0.004,100.0,34.24,LOW_N,
15.3,소라카,Soraka,BOT,2,0.004,0.0,0.0,LOW_N,
15.3,탈리야,Taliyah,BOT,2,0.004,100.0,34.24,LOW_N,
15.3,티모,Teemo,BOT,2,0.004,0.0,0.0,LOW_N,NERF
15.3,트위스티드 페이트,TwistedFate,BOT,2,0.004,0.0,0.0,LOW_N,
15.3,암베사,Ambessa,BOT,1,0.002,100.0,20.65,LOW_N,ADJUSTMENT
15.3,아우렐리온 솔,AurelionSol,BOT,1,0.002,100.0,20.65,LOW_N,
15.3,블리츠크랭크,Blitzcrank,BOT,1,0.002,0.0,0.0,LOW_N,
15.3,초가스,Chogath,BOT,1,0.002,0.0,0.0,LOW_N,
15.3,엘리스,Elise,BOT,1,0.002,0.0,0.0,LOW_N,ADJUSTMENT
15.3,피오라,Fiora,BOT,1,0.002,0.0,0.0,LOW_N,
15.3,나르,Gnar,BOT,1,0.002,100.0,20.65,LOW_N,
15.3,이렐리아,Irelia,BOT,1,0.002,100.0,20.65,LOW_N,
15.3,잭스,Jax,BOT,1,0.002,100.0,20.65,LOW_N,BUFF
15.3,크산테,KSante,BOT,1,0.002,0.0,0.0,LOW_N,
15.3,킨드레드,Kindred,BOT,1,0.002,0.0,0.0,LOW_N,
15.3,레오나,Leona,BOT,1,0.002,100.0,20.65,LOW_N,
15.3,리산드라,Lissandra,BOT,1,0.002,100.0,20.65,LOW_N,
15.3,오공,MonkeyKing,BOT,1,0.002,0.0,0.0,LOW_N,NERF
15.3,모르가나,Morgana,BOT,1,0.002,100.0,20.65,LOW_N,
15.3,나미,Nami,BOT,1,0.002,0.0,0.0,LOW_N,
15.3,니달리,Nidalee,BOT,1,0.002,100.0,20.65,LOW_N,
15.3,판테온,Pantheon,BOT,1,0.002,100.0,20.65,LOW_N,
15.3,레넥톤,Renekton,BOT,1,0.002,0.0,0.0,LOW_N,
15.3,렝가,Rengar,BOT,1,0.002,100.0,20.65,LOW_N,
15.3,세주아니,Sejuani,BOT,1,0.002,0.0,0.0,LOW_N,
15.3,쉔,Shen,BOT,1,0.002,100.0,20.65,LOW_N,
15.3,신지드,Singed,BOT,1,0.002,0.0,0.0,LOW_N,
15.3,사일러스,Sylas,BOT,1,0.002,100.0,20.65,LOW_N,
15.3,쓰레쉬,Thresh,BOT,1,0.002,0.0,0.0,LOW_N,BUFF
15.3,우르곳,Urgot,BOT,1,0.002,100.0,20.65,LOW_N,
15.3,블라디미르,Vladimir,BOT,1,0.002,100.0,20.65,LOW_N,
15.3,볼리베어,Volibear,BOT,1,0.002,100.0,20.65,LOW_N,
15.3,조이,Zoe,BOT,1,0.002,100.0,20.65,LOW_N,
15.3,다이애나,Diana,JUNGLE,708,1.526,52.54,48.86,NERF,
15.3,비에고,Viego,JUNGLE,561,1.209,50.27,46.14,,NERF
15.3,케인,Kayn,JUNGLE,508,1.095,54.13,49.79,NERF,BUFF
15.3,녹턴,Nocturne,JUNGLE,401,0.864,45.89,41.07,,
15.3,자르반 4세,JarvanIV,JUNGLE,357,0.769,49.58,44.43,,
15.3,마스터 이,MasterYi,JUNGLE,356,0.767,51.69,46.5,,
15.3,아무무,Amumu,JUNGLE,339,0.73,55.46,50.13,NERF,
15.3,바이,Vi,JUNGLE,306,0.659,50.98,45.4,,
15.3,워윅,Warwick,JUNGLE,291,0.627,55.33,49.58,NERF,
15.3,헤카림,Hecarim,JUNGLE,289,0.623,51.9,46.16,,
15.3,리 신,LeeSin,JUNGLE,261,0.562,53.26,47.2,NERF,
15.3,오공,MonkeyKing,JUNGLE,252,0.543,50.0,43.87,,NERF
15.3,카직스,Khazix,JUNGLE,247,0.532,52.63,46.41,NERF,
15.3,샤코,Shaco,JUNGLE,213,0.459,40.38,34.01,,
15.3,신 짜오,XinZhao,JUNGLE,204,0.44,58.82,51.97,NERF,
15.3,볼리베어,Volibear,JUNGLE,192,0.414,55.21,48.14,NERF,
15.3,누누와 윌럼프,Nunu,JUNGLE,191,0.412,58.12,51.03,NERF,
15.3,브라이어,Briar,JUNGLE,190,0.409,50.53,43.48,,
15.3,렝가,Rengar,JUNGLE,187,0.403,52.41,45.27,NERF,
15.3,그레이브즈,Graves,JUNGLE,183,0.394,44.26,37.26,,
15.3,릴리아,Lillia,JUNGLE,172,0.371,48.84,41.47,,
15.3,킨드레드,Kindred,JUNGLE,159,0.343,52.83,45.1,NERF,
15.3,에코,Ekko,JUNGLE,157,0.338,47.77,40.1,,
15.3,판테온,Pantheon,JUNGLE,157,0.338,40.76,33.39,,
15.3,세주아니,Sejuani,JUNGLE,155,0.334,48.39,40.65,,
15.3,FiddleSticks,FiddleSticks,JUNGLE,154,0.332,49.35,41.57,,
15.3,이블린,Evelynn,JUNGLE,153,0.33,55.56,47.64,,BUFF
15.3,우디르,Udyr,JUNGLE,134,0.289,50.0,41.65,,
15.3,자크,Zac,JUNGLE,128,0.276,50.78,42.22,,
15.3,제드,Zed,JUNGLE,127,0.274,48.03,39.53,,
15.3,탈론,Talon,JUNGLE,125,0.269,35.2,27.38,,
15.3,쉬바나,Shyvana,JUNGLE,113,0.243,46.02,37.11,,
15.3,스카너,Skarner,JUNGLE,102,0.22,45.1,35.79,,NERF
15.3,엘리스,Elise,JUNGLE,96,0.207,45.83,36.22,,ADJUSTMENT
15.3,람머스,Rammus,JUNGLE,83,0.179,56.63,45.91,,
15.3,벨베스,Belveth,JUNGLE,82,0.177,46.34,35.95,,
15.3,그웬,Gwen,JUNGLE,81,0.175,51.85,41.14,,
15.3,카서스,Karthus,JUNGLE,78,0.168,48.72,37.95,,
15.3,아이번,Ivern,JUNGLE,64,0.138,60.94,48.69,,
15.3,요릭,Yorick,JUNGLE,60,0.129,53.33,40.89,,
15.3,그라가스,Gragas,JUNGLE,59,0.127,49.15,36.84,,
15.3,니달리,Nidalee,JUNGLE,50,0.108,48.0,34.8,,
15.3,자이라,Zyra,JUNGLE,50,0.108,50.0,36.64,,
15.3,트런들,Trundle,JUNGLE,42,0.091,47.62,33.36,,
15.3,마오카이,Maokai,JUNGLE,40,0.086,42.5,28.51,,
15.3,렉사이,RekSai,JUNGLE,35,0.075,31.43,18.55,,
15.3,잭스,Jax,JUNGLE,33,0.071,66.67,49.61,,BUFF
15.3,다리우스,Darius,JUNGLE,29,0.062,58.62,40.74,,
15.3,모데카이저,Mordekaiser,JUNGLE,20,0.043,45.0,25.82,,
15.3,탈리야,Taliyah,JUNGLE,20,0.043,40.0,21.88,,
15.3,모르가나,Morgana,JUNGLE,19,0.041,47.37,27.33,,
15.3,올라프,Olaf,JUNGLE,19,0.041,57.89,36.28,,
15.3,키아나,Qiyana,JUNGLE,17,0.037,41.18,21.61,,
15.3,아우렐리온 솔,AurelionSol,JUNGLE,14,0.03,50.0,26.8,LOW_N,
15.3,브랜드,Brand,JUNGLE,13,0.028,30.77,12.68,LOW_N,
15.3,사일러스,Sylas,JUNGLE,13,0.028,69.23,42.37,LOW_N,
15.3,암베사,Ambessa,JUNGLE,12,0.026,66.67,39.06,LOW_N,ADJUSTMENT
15.3,나서스,Nasus,JUNGLE,12,0.026,66.67,39.06,LOW_N,BUFF
15.3,문도 박사,DrMundo,JUNGLE,11,0.024,45.45,21.27,LOW_N,
15.3,트위치,Twitch,JUNGLE,11,0.024,45.45,21.27,LOW_N,
15.3,뽀삐,Poppy,JUNGLE,10,0.022,40.0,16.82,LOW_N,
15.3,사이온,Sion,JUNGLE,10,0.022,30.0,10.78,LOW_N,
15.3,티모,Teemo,JUNGLE,9,0.019,55.56,26.66,LOW_N,NERF
15.3,트린다미어,Tryndamere,JUNGLE,9,0.019,33.33,12.06,LOW_N,
15.3,초가스,Chogath,JUNGLE,8,0.017,25.0,7.15,LOW_N,
15.3,노틸러스,Nautilus,JUNGLE,7,0.015,42.86,15.82,LOW_N,
15.3,가렌,Garen,JUNGLE,6,0.013,66.67,30.0,LOW_N,
15.3,말파이트,Malphite,JUNGLE,6,0.013,50.0,18.76,LOW_N,
15.3,카르마,Karma,JUNGLE,4,0.009,25.0,4.56,LOW_N,
15.3,신지드,Singed,JUNGLE,4,0.009,0.0,0.0,LOW_N,
15.3,레오나,Leona,JUNGLE,3,0.006,33.33,6.15,LOW_N,
15.3,나피리,Naafiri,JUNGLE,3,0.006,33.33,6.15,LOW_N,
15.3,니코,Neeko,JUNGLE,3,0.006,0.0,0.0,LOW_N,ADJUSTMENT
15.3,파이크,Pyke,JUNGLE,3,0.006,66.67,20.77,LOW_N,
15.3,퀸,Quinn,JUNGLE,3,0.006,66.67,20.77,LOW_N,BUFF
15.3,럼블,Rumble,JUNGLE,3,0.006,33.33,6.15,LOW_N,
15.3,쉔,Shen,JUNGLE,3,0.006,100.0,43.85,LOW_N,
15.3,쓰레쉬,Thresh,JUNGLE,3,0.006,100.0,43.85,LOW_N,BUFF
15.3,바드,Bard,JUNGLE,2,0.004,50.0,9.45,LOW_N,
15.3,케일,Kayle,JUNGLE,2,0.004,50.0,9.45,LOW_N,
15.3,렐,Rell,JUNGLE,2,0.004,50.0,9.45,LOW_N,NERF
15.3,탐 켄치,TahmKench,JUNGLE,2,0.004,100.0,34.24,LOW_N,
15.3,우르곳,Urgot,JUNGLE,2,0.004,50.0,9.45,LOW_N,
15.3,유미,Yuumi,JUNGLE,2,0.004,0.0,0.0,LOW_N,
15.3,아크샨,Akshan,JUNGLE,1,0.002,100.0,20.65,LOW_N,
15.3,애니비아,Anivia,JUNGLE,1,0.002,0.0,0.0,LOW_N,
15.3,카밀,Camille,JUNGLE,1,0.002,0.0,0.0,LOW_N,
15.3,피즈,Fizz,JUNGLE,1,0.002,0.0,0.0,LOW_N,
15.3,하이머딩거,Heimerdinger,JUNGLE,1,0.002,0.0,0.0,LOW_N,
15.3,잔나,Janna,JUNGLE,1,0.002,0.0,0.0,LOW_N,
15.3,징크스,Jinx,JUNGLE,1,0.002,0.0,0.0,LOW_N,
15.3,럭스,Lux,JUNGLE,1,0.002,0.0,0.0,LOW_N,
15.3,말자하,Malzahar,JUNGLE,1,0.002,0.0,0.0,LOW_N,
15.3,멜,Mel,JUNGLE,1,0.002,0.0,0.0,LOW_N,ADJUSTMENT
15.3,미스 포츈,MissFortune,JUNGLE,1,0.002,100.0,20.65,LOW_N,NERF
15.3,나미,Nami,JUNGLE,1,0.002,0.0,0.0,LOW_N,
15.3,세나,Senna,JUNGLE,1,0.002,100.0,20.65,LOW_N,
15.3,세트,Sett,JUNGLE,1,0.002,100.0,20.65,LOW_N,
15.3,소라카,Soraka,JUNGLE,1,0.002,0.0,0.0,LOW_N,
15.3,스웨인,Swain,JUNGLE,1,0.002,100.0,20.65,LOW_N,BUFF
15.3,베인,Vayne,JUNGLE,1,0.002,100.0,20.65,LOW_N,
15.3,벨코즈,Velkoz,JUNGLE,1,0.002,0.0,0.0,LOW_N,
15.3,제리,Zeri,JUNGLE,1,0.002,100.0,20.65,LOW_N,
15.3,멜,Mel,MID,603,1.299,47.76,43.8,,ADJUSTMENT
15.3,신드라,Syndra,MID,456,0.983,50.88,46.3,,
15.3,카타리나,Katarina,MID,390,0.84,52.05,47.1,NERF,
15.3,아리,Ahri,MID,370,0.797,48.92,43.86,,
15.3,빅토르,Viktor,MID,365,0.787,47.4,42.33,,ADJUSTMENT
15.3,야스오,Yasuo,MID,365,0.787,54.79,49.67,NERF,
15.3,제드,Zed,MID,305,0.657,48.52,42.97,,
15.3,말자하,Malzahar,MID,292,0.629,47.6,41.94,,
15.3,럭스,Lux,MID,290,0.625,48.62,42.92,,
15.3,사일러스,Sylas,MID,289,0.623,50.52,44.79,,
15.3,흐웨이,Hwei,MID,276,0.595,49.64,43.78,,
15.3,요네,Yone,MID,264,0.569,53.03,47.01,NERF,
15.3,블라디미르,Vladimir,MID,257,0.554,51.75,45.66,,
15.3,오로라,Aurora,MID,251,0.541,51.0,44.84,,
15.3,리산드라,Lissandra,MID,250,0.539,47.6,41.49,,
15.3,아칼리,Akali,MID,219,0.472,55.71,49.09,NERF,
15.3,아크샨,Akshan,MID,187,0.403,52.41,45.27,NERF,
15.3,오리아나,Orianna,MID,187,0.403,47.06,40.04,,
15.3,피즈,Fizz,MID,170,0.366,41.76,34.61,,
15.3,갈리오,Galio,MID,168,0.362,53.57,46.03,NERF,NERF
15.3,베이가,Veigar,MID,161,0.347,47.83,40.25,,
15.3,제라스,Xerath,MID,158,0.34,41.77,34.37,,
15.3,카시오페아,Cassiopeia,MID,141,0.304,54.61,46.38,NERF,NERF
15.3,에코,Ekko,MID,139,0.3,51.8,43.56,,
15.3,카사딘,Kassadin,MID,132,0.284,52.27,43.81,NERF,
15.3,초가스,Chogath,MID,125,0.269,60.0,51.24,NERF,
15.3,르블랑,Leblanc,MID,124,0.267,45.16,36.68,,
15.3,아지르,Azir,MID,116,0.25,46.55,37.73,,
15.3,이렐리아,Irelia,MID,113,0.243,49.56,40.51,,
15.3,케일,Kayle,MID,113,0.243,57.52,48.31,NERF,
15.3,벡스,Vex,MID,108,0.233,55.56,46.15,NERF,
15.3,아우렐리온 솔,AurelionSol,MID,104,0.224,56.73,47.14,NERF,
15.3,조이,Zoe,MID,102,0.22,45.1,35.79,,
15.3,애니,Annie,MID,91,0.196,52.75,42.59,,
15.3,다이애나,Diana,MID,91,0.196,61.54,51.27,BUFF_HIDDEN_STRONG,
15.3,스웨인,Swain,MID,86,0.185,55.81,45.29,,BUFF
15.3,애니비아,Anivia,MID,84,0.181,61.9,51.22,BUFF_HIDDEN_STRONG,
15.3,라이즈,Ryze,MID,82,0.177,48.78,38.26,,
15.3,벨코즈,Velkoz,MID,82,0.177,57.32,46.52,,
15.3,키아나,Qiyana,MID,81,0.175,50.62,39.95,,
15.3,탈론,Talon,MID,67,0.144,49.25,37.65,,
15.3,트위스티드 페이트,TwistedFate,MID,66,0.142,45.45,34.02,,
15.3,나피리,Naafiri,MID,57,0.123,43.86,31.77,,
15.3,카르마,Karma,MID,53,0.114,52.83,39.66,,
15.3,코르키,Corki,MID,47,0.101,40.43,27.64,,
15.3,탈리야,Taliyah,MID,46,0.099,52.17,38.14,,
15.3,판테온,Pantheon,MID,44,0.095,63.64,48.87,,
15.3,가렌,Garen,MID,40,0.086,52.5,37.5,,
15.3,퀸,Quinn,MID,38,0.082,39.47,25.6,,BUFF
15.3,스몰더,Smolder,MID,34,0.073,38.24,23.9,,
15.3,말파이트,Malphite,MID,33,0.071,48.48,32.5,,
15.3,브랜드,Brand,MID,29,0.062,48.28,31.39,,
15.3,트리스타나,Tristana,MID,29,0.062,41.38,25.51,,
15.3,직스,Ziggs,MID,29,0.062,41.38,25.51,,
15.3,하이머딩거,Heimerdinger,MID,28,0.06,53.57,35.81,,
15.3,제이스,Jayce,MID,27,0.058,33.33,18.64,,NERF
15.3,그라가스,Gragas,MID,25,0.054,44.0,26.67,,
15.3,케넨,Kennen,MID,24,0.052,62.5,42.71,,
15.3,이즈리얼,Ezreal,MID,22,0.047,50.0,30.72,,
15.3,니코,Neeko,MID,19,0.041,47.37,27.33,,ADJUSTMENT
15.3,암베사,Ambessa,MID,17,0.037,29.41,13.28,,ADJUSTMENT
15.3,갱플랭크,Gangplank,MID,16,0.034,56.25,33.18,,
15.3,나서스,Nasus,MID,15,0.032,53.33,30.12,,BUFF
15.3,바루스,Varus,MID,15,0.032,66.67,41.71,,BUFF
15.3,질리언,Zilean,MID,15,0.032,80.0,54.81,BUFF_HIDDEN_STRONG,
15.3,누누와 윌럼프,Nunu,MID,13,0.028,69.23,42.37,LOW_N,
15.3,레넥톤,Renekton,MID,11,0.024,36.36,15.17,LOW_N,
15.3,쉔,Shen,MID,11,0.024,45.45,21.27,LOW_N,
15.3,진,Jhin,MID,10,0.022,60.0,31.27,LOW_N,
15.3,크산테,KSante,MID,10,0.022,30.0,10.78,LOW_N,
15.3,자이라,Zyra,MID,10,0.022,60.0,31.27,LOW_N,
15.3,케이틀린,Caitlyn,MID,9,0.019,55.56,26.66,LOW_N,
15.3,세라핀,Seraphine,MID,9,0.019,44.44,18.88,LOW_N,
15.3,아트록스,Aatrox,MID,8,0.017,75.0,40.93,LOW_N,
15.3,오공,MonkeyKing,MID,8,0.017,62.5,30.57,LOW_N,NERF
15.3,트린다미어,Tryndamere,MID,8,0.017,50.0,21.52,LOW_N,
15.3,트위치,Twitch,MID,8,0.017,100.0,67.56,LOW_N,
15.3,카이사,Kaisa,MID,7,0.015,42.86,15.82,LOW_N,
15.3,코그모,KogMaw,MID,7,0.015,42.86,15.82,LOW_N,
15.3,미스 포츈,MissFortune,MID,7,0.015,71.43,35.89,LOW_N,NERF
15.3,모르가나,Morgana,MID,7,0.015,57.14,25.05,LOW_N,
15.3,FiddleSticks,FiddleSticks,MID,6,0.013,50.0,18.76,LOW_N,
15.3,세트,Sett,MID,6,0.013,33.33,9.68,LOW_N,
15.3,사이온,Sion,MID,6,0.013,50.0,18.76,LOW_N,
15.3,신지드,Singed,MID,5,0.011,40.0,11.76,LOW_N,
15.3,베인,Vayne,MID,5,0.011,40.0,11.76,LOW_N,
15.3,요릭,Yorick,MID,5,0.011,40.0,11.76,LOW_N,
15.3,자크,Zac,MID,5,0.011,60.0,23.07,LOW_N,
15.3,다리우스,Darius,MID,4,0.009,0.0,0.0,LOW_N,
15.3,잭스,Jax,MID,4,0.009,100.0,51.01,LOW_N,BUFF
15.3,모데카이저,Mordekaiser,MID,4,0.009,50.0,15.0,LOW_N,
15.3,리븐,Riven,MID,4,0.009,50.0,15.0,LOW_N,
15.3,럼블,Rumble,MID,4,0.009,75.0,30.06,LOW_N,
15.3,볼리베어,Volibear,MID,4,0.009,50.0,15.0,LOW_N,
15.3,카밀,Camille,MID,3,0.006,66.67,20.77,LOW_N,
15.3,드레이븐,Draven,MID,3,0.006,66.67,20.77,LOW_N,
15.3,그웬,Gwen,MID,3,0.006,33.33,6.15,LOW_N,
15.3,카서스,Karthus,MID,3,0.006,66.67,20.77,LOW_N,
15.3,루시안,Lucian,MID,3,0.006,100.0,43.85,LOW_N,
15.3,룰루,Lulu,MID,3,0.006,66.67,20.77,LOW_N,
15.3,마스터 이,MasterYi,MID,3,0.006,33.33,6.15,LOW_N,
15.3,오른,Ornn,MID,3,0.006,100.0,43.85,LOW_N,
15.3,파이크,Pyke,MID,3,0.006,0.0,0.0,LOW_N,
15.3,탐 켄치,TahmKench,MID,3,0.006,66.67,20.77,LOW_N,
15.3,티모,Teemo,MID,3,0.006,33.33,6.15,LOW_N,NERF
15.3,우르곳,Urgot,MID,3,0.006,66.67,20.77,LOW_N,
15.3,아펠리오스,Aphelios,MID,2,0.004,50.0,9.45,LOW_N,
15.3,피오라,Fiora,MID,2,0.004,50.0,9.45,LOW_N,
15.3,그레이브즈,Graves,MID,2,0.004,50.0,9.45,LOW_N,
15.3,일라오이,Illaoi,MID,2,0.004,50.0,9.45,LOW_N,
15.3,자르반 4세,JarvanIV,MID,2,0.004,50.0,9.45,LOW_N,
15.3,라칸,Rakan,MID,2,0.004,50.0,9.45,LOW_N,BUFF
15.3,사미라,Samira,MID,2,0.004,100.0,34.24,LOW_N,BUFF
15.3,스카너,Skarner,MID,2,0.004,100.0,34.24,LOW_N,NERF
15.3,비에고,Viego,MID,2,0.004,100.0,34.24,LOW_N,NERF
15.3,신 짜오,XinZhao,MID,2,0.004,0.0,0.0,LOW_N,
15.3,제리,Zeri,MID,2,0.004,50.0,9.45,LOW_N,
15.3,바드,Bard,MID,1,0.002,0.0,0.0,LOW_N,
15.3,브라이어,Briar,MID,1,0.002,100.0,20.65,LOW_N,
15.3,문도 박사,DrMundo,MID,1,0.002,0.0,0.0,LOW_N,
15.3,나르,Gnar,MID,1,0.002,0.0,0.0,LOW_N,
15.3,징크스,Jinx,MID,1,0.002,0.0,0.0,LOW_N,
15.3,칼리스타,Kalista,MID,1,0.002,0.0,0.0,LOW_N,
15.3,킨드레드,Kindred,MID,1,0.002,100.0,20.65,LOW_N,
15.3,리 신,LeeSin,MID,1,0.002,100.0,20.65,LOW_N,
15.3,레오나,Leona,MID,1,0.002,100.0,20.65,LOW_N,
15.3,노틸러스,Nautilus,MID,1,0.002,100.0,20.65,LOW_N,
15.3,세나,Senna,MID,1,0.002,100.0,20.65,LOW_N,
15.3,시비르,Sivir,MID,1,0.002,0.0,0.0,LOW_N,
15.3,타릭,Taric,MID,1,0.002,0.0,0.0,LOW_N,
15.3,쓰레쉬,Thresh,MID,1,0.002,0.0,0.0,LOW_N,BUFF
15.3,트런들,Trundle,MID,1,0.002,0.0,0.0,LOW_N,
15.3,룰루,Lulu,SUPPORT,895,1.929,55.42,52.15,NERF,
15.3,나미,Nami,SUPPORT,722,1.556,51.11,47.47,,
15.3,쓰레쉬,Thresh,SUPPORT,563,1.213,48.67,44.56,,BUFF
15.3,카르마,Karma,SUPPORT,494,1.064,51.01,46.61,,
15.3,밀리오,Milio,SUPPORT,425,0.916,53.65,48.89,NERF,
15.3,유미,Yuumi,SUPPORT,340,0.733,50.29,45.01,,
15.3,잔나,Janna,SUPPORT,332,0.715,56.93,51.55,NERF,
15.3,레오나,Leona,SUPPORT,330,0.711,53.03,47.64,NERF,
15.3,노틸러스,Nautilus,SUPPORT,297,0.64,49.16,43.52,,
15.3,럭스,Lux,SUPPORT,286,0.616,50.7,44.93,,
15.3,세나,Senna,SUPPORT,246,0.53,52.85,46.61,NERF,
15.3,소라카,Soraka,SUPPORT,231,0.498,48.05,41.69,,
15.3,브라움,Braum,SUPPORT,230,0.496,47.39,41.03,,
15.3,파이크,Pyke,SUPPORT,228,0.491,45.18,38.85,,
15.3,모르가나,Morgana,SUPPORT,227,0.489,50.66,44.2,,
15.3,엘리스,Elise,SUPPORT,223,0.481,48.43,41.95,,ADJUSTMENT
15.3,자이라,Zyra,SUPPORT,196,0.422,51.53,44.57,,
15.3,렐,Rell,SUPPORT,195,0.42,46.67,39.8,,NERF
15.3,블리츠크랭크,Blitzcrank,SUPPORT,152,0.328,42.76,35.17,,
15.3,판테온,Pantheon,SUPPORT,151,0.325,52.32,44.39,NERF,
15.3,바드,Bard,SUPPORT,147,0.317,45.58,37.74,,
15.3,벨코즈,Velkoz,SUPPORT,139,0.3,41.01,33.18,,
15.3,마오카이,Maokai,SUPPORT,130,0.28,59.23,50.64,NERF,
15.3,스웨인,Swain,SUPPORT,130,0.28,56.15,47.57,NERF,BUFF
15.3,라칸,Rakan,SUPPORT,128,0.276,46.88,38.45,,BUFF
15.3,뽀삐,Poppy,SUPPORT,125,0.269,54.4,45.67,NERF,
15.3,탐 켄치,TahmKench,SUPPORT,124,0.267,47.58,39.0,,
15.3,질리언,Zilean,SUPPORT,123,0.265,47.15,38.55,,
15.3,알리스타,Alistar,SUPPORT,120,0.259,45.83,37.19,,
15.3,소나,Sona,SUPPORT,118,0.254,55.08,46.09,,
15.3,멜,Mel,SUPPORT,111,0.239,49.55,40.42,,ADJUSTMENT
15.3,타릭,Taric,SUPPORT,101,0.218,42.57,33.38,,
15.3,제라스,Xerath,SUPPORT,100,0.215,48.0,38.46,,
15.3,세라핀,Seraphine,SUPPORT,95,0.205,45.26,35.63,,
15.3,브랜드,Brand,SUPPORT,87,0.187,52.87,42.49,,
15.3,레나타 글라스크,Renata,SUPPORT,71,0.153,52.11,40.69,,
15.3,니코,Neeko,SUPPORT,56,0.121,55.36,42.41,,ADJUSTMENT
15.3,샤코,Shaco,SUPPORT,48,0.103,60.42,46.31,,
15.3,사일러스,Sylas,SUPPORT,30,0.065,56.67,39.2,,
15.3,쉔,Shen,SUPPORT,26,0.056,46.15,28.76,,
15.3,갈리오,Galio,SUPPORT,25,0.054,52.0,33.5,,NERF
15.3,티모,Teemo,SUPPORT,23,0.05,60.87,40.79,,NERF
15.3,조이,Zoe,SUPPORT,22,0.047,40.91,23.26,,
15.3,흐웨이,Hwei,SUPPORT,21,0.045,47.62,28.34,,
15.3,트위치,Twitch,SUPPORT,20,0.043,40.0,21.88,,
15.3,FiddleSticks,FiddleSticks,SUPPORT,18,0.039,38.89,20.3,,
15.3,르블랑,Leblanc,SUPPORT,15,0.032,40.0,19.82,,
15.3,퀸,Quinn,SUPPORT,15,0.032,40.0,19.82,,BUFF
15.3,자크,Zac,SUPPORT,15,0.032,60.0,35.75,,
15.3,애니,Annie,SUPPORT,14,0.03,57.14,32.59,LOW_N,
15.3,애쉬,Ashe,SUPPORT,14,0.03,28.57,11.72,LOW_N,
15.3,카밀,Camille,SUPPORT,14,0.03,35.71,16.34,LOW_N,
15.3,초가스,Chogath,SUPPORT,13,0.028,53.85,29.14,LOW_N,
15.3,자르반 4세,JarvanIV,SUPPORT,13,0.028,30.77,12.68,LOW_N,
15.3,말파이트,Malphite,SUPPORT,13,0.028,30.77,12.68,LOW_N,
15.3,애니비아,Anivia,SUPPORT,10,0.022,50.0,23.66,LOW_N,
15.3,아이번,Ivern,SUPPORT,10,0.022,70.0,39.68,LOW_N,
15.3,트위스티드 페이트,TwistedFate,SUPPORT,10,0.022,50.0,23.66,LOW_N,
15.3,그라가스,Gragas,SUPPORT,9,0.019,33.33,12.06,LOW_N,
15.3,사이온,Sion,SUPPORT,9,0.019,22.22,6.32,LOW_N,
15.3,아무무,Amumu,SUPPORT,8,0.017,62.5,30.57,LOW_N,
15.3,세주아니,Sejuani,SUPPORT,8,0.017,62.5,30.57,LOW_N,
15.3,미스 포츈,MissFortune,SUPPORT,7,0.015,57.14,25.05,LOW_N,NERF
15.3,리산드라,Lissandra,SUPPORT,6,0.013,50.0,18.76,LOW_N,
15.3,세트,Sett,SUPPORT,6,0.013,50.0,18.76,LOW_N,
15.3,신드라,Syndra,SUPPORT,6,0.013,66.67,30.0,LOW_N,
15.3,베이가,Veigar,SUPPORT,6,0.013,66.67,30.0,LOW_N,
15.3,니달리,Nidalee,SUPPORT,5,0.011,80.0,37.55,LOW_N,
15.3,오리아나,Orianna,SUPPORT,5,0.011,60.0,23.07,LOW_N,
15.3,오른,Ornn,SUPPORT,5,0.011,40.0,11.76,LOW_N,
15.3,탈리야,Taliyah,SUPPORT,5,0.011,40.0,11.76,LOW_N,
15.3,잭스,Jax,SUPPORT,4,0.009,75.0,30.06,LOW_N,BUFF
15.3,케넨,Kennen,SUPPORT,4,0.009,0.0,0.0,LOW_N,
15.3,리 신,LeeSin,SUPPORT,4,0.009,25.0,4.56,LOW_N,
15.3,말자하,Malzahar,SUPPORT,4,0.009,50.0,15.0,LOW_N,
15.3,케이틀린,Caitlyn,SUPPORT,3,0.006,66.67,20.77,LOW_N,
15.3,하이머딩거,Heimerdinger,SUPPORT,3,0.006,66.67,20.77,LOW_N,
15.3,오공,MonkeyKing,SUPPORT,3,0.006,33.33,6.15,LOW_N,NERF
15.3,람머스,Rammus,SUPPORT,3,0.006,66.67,20.77,LOW_N,
15.3,스카너,Skarner,SUPPORT,3,0.006,0.0,0.0,LOW_N,NERF
15.3,바루스,Varus,SUPPORT,3,0.006,100.0,43.85,LOW_N,BUFF
15.3,직스,Ziggs,SUPPORT,3,0.006,33.33,6.15,LOW_N,
15.3,아크샨,Akshan,SUPPORT,2,0.004,50.0,9.45,LOW_N,
15.3,다리우스,Darius,SUPPORT,2,0.004,50.0,9.45,LOW_N,
15.3,에코,Ekko,SUPPORT,2,0.004,0.0,0.0,LOW_N,
15.3,이블린,Evelynn,SUPPORT,2,0.004,0.0,0.0,LOW_N,BUFF
15.3,피즈,Fizz,SUPPORT,2,0.004,0.0,0.0,LOW_N,
15.3,누누와 윌럼프,Nunu,SUPPORT,2,0.004,100.0,34.24,LOW_N,
15.3,탈론,Talon,SUPPORT,2,0.004,50.0,9.45,LOW_N,
15.3,신 짜오,XinZhao,SUPPORT,2,0.004,50.0,9.45,LOW_N,
15.3,야스오,Yasuo,SUPPORT,2,0.004,100.0,34.24,LOW_N,
15.3,아리,Ahri,SUPPORT,1,0.002,0.0,0.0,LOW_N,
15.3,오로라,Aurora,SUPPORT,1,0.002,100.0,20.65,LOW_N,
15.3,아지르,Azir,SUPPORT,1,0.002,0.0,0.0,LOW_N,
15.3,카시오페아,Cassiopeia,SUPPORT,1,0.002,0.0,0.0,LOW_N,NERF
15.3,이즈리얼,Ezreal,SUPPORT,1,0.002,0.0,0.0,LOW_N,
15.3,피오라,Fiora,SUPPORT,1,0.002,100.0,20.65,LOW_N,
15.3,나르,Gnar,SUPPORT,1,0.002,100.0,20.65,LOW_N,
15.3,그레이브즈,Graves,SUPPORT,1,0.002,0.0,0.0,LOW_N,
15.3,헤카림,Hecarim,SUPPORT,1,0.002,0.0,0.0,LOW_N,
15.3,카타리나,Katarina,SUPPORT,1,0.002,0.0,0.0,LOW_N,
15.3,클레드,Kled,SUPPORT,1,0.002,0.0,0.0,LOW_N,
15.3,모데카이저,Mordekaiser,SUPPORT,1,0.002,100.0,20.65,LOW_N,
15.3,나피리,Naafiri,SUPPORT,1,0.002,0.0,0.0,LOW_N,
15.3,렉사이,RekSai,SUPPORT,1,0.002,0.0,0.0,LOW_N,
15.3,우르곳,Urgot,SUPPORT,1,0.002,0.0,0.0,LOW_N,
15.3,벡스,Vex,SUPPORT,1,0.002,100.0,20.65,LOW_N,
15.3,바이,Vi,SUPPORT,1,0.002,100.0,20.65,LOW_N,
15.3,비에고,Viego,SUPPORT,1,0.002,0.0,0.0,LOW_N,NERF
15.3,볼리베어,Volibear,SUPPORT,1,0.002,0.0,0.0,LOW_N,
15.3,요네,Yone,SUPPORT,1,0.002,0.0,0.0,LOW_N,
15.3,다리우스,Darius,TOP,419,0.903,52.51,47.72,NERF,
15.3,초가스,Chogath,TOP,413,0.89,52.06,47.24,NERF,
15.3,가렌,Garen,TOP,381,0.821,49.61,44.61,,
15.3,세트,Sett,TOP,375,0.808,50.13,45.1,,
15.3,케일,Kayle,TOP,343,0.739,52.19,46.91,NERF,
15.3,아트록스,Aatrox,TOP,317,0.683,52.68,47.19,NERF,
15.3,말파이트,Malphite,TOP,301,0.649,51.5,45.87,,
15.3,모데카이저,Mordekaiser,TOP,294,0.634,53.06,47.35,NERF,
15.3,잭스,Jax,TOP,236,0.509,48.31,42.01,,BUFF
15.3,리븐,Riven,TOP,229,0.493,53.71,47.25,NERF,
15.3,볼리베어,Volibear,TOP,229,0.493,45.85,39.52,,
15.3,나서스,Nasus,TOP,205,0.442,51.22,44.42,,BUFF
15.3,암베사,Ambessa,TOP,198,0.427,47.47,40.63,,ADJUSTMENT
15.3,요네,Yone,TOP,197,0.425,52.28,45.33,NERF,
15.3,오른,Ornn,TOP,193,0.416,47.67,40.74,,
15.3,사이온,Sion,TOP,191,0.412,45.55,38.64,,
15.3,레넥톤,Renekton,TOP,181,0.39,48.07,40.9,,
15.3,이렐리아,Irelia,TOP,177,0.381,50.28,42.99,,
15.3,우르곳,Urgot,TOP,175,0.377,57.71,50.31,NERF,
15.3,쉔,Shen,TOP,167,0.36,47.9,40.46,,
15.3,그라가스,Gragas,TOP,163,0.351,47.24,39.73,,
15.3,티모,Teemo,TOP,162,0.349,57.41,49.71,NERF,NERF
15.3,크산테,KSante,TOP,161,0.347,44.72,37.25,,
15.3,나르,Gnar,TOP,157,0.338,50.96,43.21,,
15.3,문도 박사,DrMundo,TOP,156,0.336,50.64,42.87,,
15.3,블라디미르,Vladimir,TOP,154,0.332,42.86,35.31,,
15.3,워윅,Warwick,TOP,154,0.332,52.6,44.74,NERF,
15.3,피오라,Fiora,TOP,138,0.297,49.28,41.07,,
15.3,카밀,Camille,TOP,132,0.284,48.48,40.12,,
15.3,퀸,Quinn,TOP,132,0.284,53.79,45.3,NERF,BUFF
15.3,트린다미어,Tryndamere,TOP,132,0.284,53.03,44.55,NERF,
15.3,탐 켄치,TahmKench,TOP,131,0.282,50.38,41.93,,
15.3,요릭,Yorick,TOP,128,0.276,53.91,45.28,NERF,
15.3,트런들,Trundle,TOP,124,0.267,49.19,40.55,,
15.3,판테온,Pantheon,TOP,118,0.254,50.85,41.94,,
15.3,케넨,Kennen,TOP,102,0.22,59.8,50.1,BUFF_HIDDEN_STRONG,
15.3,갱플랭크,Gangplank,TOP,92,0.198,56.52,46.33,,
15.3,그웬,Gwen,TOP,92,0.198,47.83,37.91,,
15.3,일라오이,Illaoi,TOP,83,0.179,54.22,43.55,,
15.3,신지드,Singed,TOP,81,0.175,44.44,34.12,,
15.3,제이스,Jayce,TOP,80,0.172,40.0,29.96,,NERF
15.3,마오카이,Maokai,TOP,74,0.159,54.05,42.78,,
15.3,베인,Vayne,TOP,71,0.153,49.3,38.0,,
15.3,야스오,Yasuo,TOP,69,0.149,56.52,44.79,,
15.3,아칼리,Akali,TOP,65,0.14,52.31,40.38,,
15.3,올라프,Olaf,TOP,65,0.14,47.69,36.02,,
15.3,카시오페아,Cassiopeia,TOP,64,0.138,46.88,35.18,,NERF
15.3,클레드,Kled,TOP,63,0.136,52.38,40.27,,
15.3,오로라,Aurora,TOP,61,0.131,50.82,38.6,,
15.3,오공,MonkeyKing,TOP,54,0.116,61.11,47.79,,NERF
15.3,럼블,Rumble,TOP,52,0.112,40.38,28.16,,
15.3,사일러스,Sylas,TOP,48,0.103,56.25,42.27,,
15.3,하이머딩거,Heimerdinger,TOP,40,0.086,52.5,37.5,,
15.3,자크,Zac,TOP,40,0.086,55.0,39.83,,
15.3,뽀삐,Poppy,TOP,39,0.084,38.46,24.89,,
15.3,라이즈,Ryze,TOP,32,0.069,46.88,30.87,,
15.3,카르마,Karma,TOP,28,0.06,46.43,29.53,,
15.3,케인,Kayn,TOP,26,0.056,57.69,38.95,,BUFF
15.3,멜,Mel,TOP,26,0.056,42.31,25.54,,ADJUSTMENT
15.3,아크샨,Akshan,TOP,22,0.047,72.73,51.85,BUFF_HIDDEN_STRONG,
15.3,스웨인,Swain,TOP,21,0.045,47.62,28.34,,BUFF
15.3,바루스,Varus,TOP,20,0.043,35.0,18.12,,BUFF
15.3,리산드라,Lissandra,TOP,19,0.041,36.84,19.15,,
15.3,질리언,Zilean,TOP,19,0.041,42.11,23.14,,
15.3,우디르,Udyr,TOP,18,0.039,38.89,20.3,,
15.3,스몰더,Smolder,TOP,15,0.032,40.0,19.82,,
15.3,신 짜오,XinZhao,TOP,13,0.028,69.23,42.37,LOW_N,
15.3,말자하,Malzahar,TOP,12,0.026,66.67,39.06,LOW_N,
15.3,람머스,Rammus,TOP,11,0.024,72.73,43.43,LOW_N,
15.3,스카너,Skarner,TOP,11,0.024,18.18,5.14,LOW_N,NERF
15.3,제드,Zed,TOP,11,0.024,63.64,35.38,LOW_N,
15.3,에코,Ekko,TOP,10,0.022,50.0,23.66,LOW_N,
15.3,갈리오,Galio,TOP,10,0.022,30.0,10.78,LOW_N,NERF
15.3,카이사,Kaisa,TOP,10,0.022,50.0,23.66,LOW_N,
15.3,애니비아,Anivia,TOP,9,0.019,55.56,26.66,LOW_N,
15.3,흐웨이,Hwei,TOP,9,0.019,44.44,18.88,LOW_N,
15.3,나피리,Naafiri,TOP,9,0.019,22.22,6.32,LOW_N,
15.3,FiddleSticks,FiddleSticks,TOP,8,0.017,50.0,21.52,LOW_N,
15.3,렝가,Rengar,TOP,8,0.017,75.0,40.93,LOW_N,
15.3,세주아니,Sejuani,TOP,8,0.017,37.5,13.68,LOW_N,
15.3,샤코,Shaco,TOP,8,0.017,50.0,21.52,LOW_N,
15.3,아지르,Azir,TOP,7,0.015,28.57,8.22,LOW_N,
15.3,브랜드,Brand,TOP,7,0.015,57.14,25.05,LOW_N,
15.3,브라이어,Briar,TOP,7,0.015,28.57,8.22,LOW_N,
15.3,카사딘,Kassadin,TOP,7,0.015,42.86,15.82,LOW_N,
15.3,베이가,Veigar,TOP,7,0.015,42.86,15.82,LOW_N,
15.3,빅토르,Viktor,TOP,7,0.015,85.71,48.69,LOW_N,ADJUSTMENT
15.3,아우렐리온 솔,AurelionSol,TOP,6,0.013,66.67,30.0,LOW_N,
15.3,엘리스,Elise,TOP,6,0.013,66.67,30.0,LOW_N,ADJUSTMENT
15.3,리 신,LeeSin,TOP,6,0.013,83.33,43.65,LOW_N,
15.3,노틸러스,Nautilus,TOP,6,0.013,83.33,43.65,LOW_N,
15.3,아리,Ahri,TOP,5,0.011,40.0,11.76,LOW_N,
15.3,이즈리얼,Ezreal,TOP,5,0.011,60.0,23.07,LOW_N,
15.3,피즈,Fizz,TOP,5,0.011,60.0,23.07,LOW_N,
15.3,자르반 4세,JarvanIV,TOP,5,0.011,40.0,11.76,LOW_N,
15.3,진,Jhin,TOP,5,0.011,60.0,23.07,LOW_N,
15.3,릴리아,Lillia,TOP,5,0.011,80.0,37.55,LOW_N,
15.3,니코,Neeko,TOP,5,0.011,40.0,11.76,LOW_N,ADJUSTMENT
15.3,바이,Vi,TOP,5,0.011,60.0,23.07,LOW_N,
15.3,애니,Annie,TOP,4,0.009,50.0,15.0,LOW_N,
15.3,다이애나,Diana,TOP,4,0.009,50.0,15.0,LOW_N,
15.3,카타리나,Katarina,TOP,4,0.009,75.0,30.06,LOW_N,
15.3,마스터 이,MasterYi,TOP,4,0.009,75.0,30.06,LOW_N,
15.3,녹턴,Nocturne,TOP,4,0.009,50.0,15.0,LOW_N,
15.3,트위치,Twitch,TOP,4,0.009,25.0,4.56,LOW_N,
15.3,벨코즈,Velkoz,TOP,4,0.009,75.0,30.06,LOW_N,
15.3,알리스타,Alistar,TOP,3,0.006,100.0,43.85,LOW_N,
15.3,브라움,Braum,TOP,3,0.006,33.33,6.15,LOW_N,
15.3,케이틀린,Caitlyn,TOP,3,0.006,0.0,0.0,LOW_N,
15.3,드레이븐,Draven,TOP,3,0.006,33.33,6.15,LOW_N,
15.3,닐라,Nilah,TOP,3,0.006,66.67,20.77,LOW_N,
15.3,세나,Senna,TOP,3,0.006,33.33,6.15,LOW_N,
15.3,소라카,Soraka,TOP,3,0.006,66.67,20.77,LOW_N,
15.3,트리스타나,Tristana,TOP,3,0.006,66.67,20.77,LOW_N,
15.3,벡스,Vex,TOP,3,0.006,66.67,20.77,LOW_N,
15.3,그레이브즈,Graves,TOP,2,0.004,100.0,34.24,LOW_N,
15.3,아이번,Ivern,TOP,2,0.004,50.0,9.45,LOW_N,
15.3,잔나,Janna,TOP,2,0.004,50.0,9.45,LOW_N,
15.3,루시안,Lucian,TOP,2,0.004,0.0,0.0,LOW_N,
15.3,룰루,Lulu,TOP,2,0.004,50.0,9.45,LOW_N,
15.3,모르가나,Morgana,TOP,2,0.004,50.0,9.45,LOW_N,
15.3,누누와 윌럼프,Nunu,TOP,2,0.004,50.0,9.45,LOW_N,
15.3,오리아나,Orianna,TOP,2,0.004,0.0,0.0,LOW_N,
15.3,렐,Rell,TOP,2,0.004,0.0,0.0,LOW_N,NERF
15.3,쉬바나,Shyvana,TOP,2,0.004,0.0,0.0,LOW_N,
15.3,시비르,Sivir,TOP,2,0.004,50.0,9.45,LOW_N,
15.3,신드라,Syndra,TOP,2,0.004,0.0,0.0,LOW_N,
15.3,쓰레쉬,Thresh,TOP,2,0.004,0.0,0.0,LOW_N,BUFF
15.3,제라스,Xerath,TOP,2,0.004,50.0,9.45,LOW_N,
15.3,제리,Zeri,TOP,2,0.004,0.0,0.0,LOW_N,
15.3,아무무,Amumu,TOP,1,0.002,100.0,20.65,LOW_N,
15.3,칼리스타,Kalista,TOP,1,0.002,100.0,20.65,LOW_N,
15.3,밀리오,Milio,TOP,1,0.002,100.0,20.65,LOW_N,
15.3,미스 포츈,MissFortune,TOP,1,0.002,0.0,0.0,LOW_N,NERF
15.3,키아나,Qiyana,TOP,1,0.002,100.0,20.65,LOW_N,
15.3,렉사이,RekSai,TOP,1,0.002,0.0,0.0,LOW_N,
15.3,탈리야,Taliyah,TOP,1,0.002,100.0,20.65,LOW_N,
15.3,탈론,Talon,TOP,1,0.002,100.0,20.65,LOW_N,
15.3,타릭,Taric,TOP,1,0.002,0.0,0.0,LOW_N,
15.3,트위스티드 페이트,TwistedFate,TOP,1,0.002,0.0,0.0,LOW_N,
15.3,자이라,Zyra,TOP,1,0.002,0.0,0.0,LOW_N,
